,,,,,,
Los Angeles Angels,Los Angeles Angels ,Los Angeles Angels of Anaheim,LA Angels,Los Angeles Angels ., Los Angeles Angels,Los ngeles Angels
Washington Nationals,Washington Nationals,WAS Nationals,Washington National.,Washington,WSH Nationals,
San Francisco Giants,San Francisco Giants,SF Giants,San Francisco Giant.,San Francisco,,
Miami Marlins,Miami Marlins,MIA Marlins,Miami,,,
Pittsburgh Pirates,Pittsburgh Pirates,PIT Pirates,Pittsburgh,,,
Milwaukee Brewers,Milwaukee Brewers,MIL Brewers,Milwaukee,,,
Kansas City,Kansas City Royals,KC Royals,,,,
Oakland Athletics,Oakland Athletics,OAK Athletics,Oakland,,,
Baltimore Orioles,Baltimore Orioles,BAL Orioles,Baltimore,,,
Seattle Mariners,Seattle Mariners,SEA Mariners,Seattle,,,
Philadelphia Phillies,Philadelphia Phillies,PHI Phillies,Philadelphia Philli.,PHI Phillies +3.5
San Diego Padres,San Diego Padres,SD Padres,San Diego,,,
Tampa Bay Rays,Tampa Bay Rays,TB Rays,Tampa Bay,,,
Toronto Blue Jays,Toronto Blue Jays,TOR Blue Jays,Toronto,,,
Sant Louis Cardinals,St Louis Cardinals,St. Louis Cardinals,STL Cardinals,St Louis,,
Boston Red Sox,Boston Red Sox,BOS Red Sox,Boston,,,
New York Yankees,New York Yankees,NY Yankees,,,,
New York Mets,New York Mets,NY Mets,,,,
Detroit Tigers,Detroit Tigers,DET Tigers,Detroit,,,
Texas Rangers,Texas Rangers,TEX Rangers,Texas,,,
Cincinnati Reds,Cincinnati Reds,,,,,
Chicago Cubs,Chicago Cubs,CHI Cubs,CHI Cubs -3.5
Cleveland Indians,Cleveland Indians,CLE Indians,,,,
Minnesota Twins,Minnesota Twins,MIN Twins,Minnesota,,,
Arizona Diamonds,Arizona Diamondbacks,Arizona Diamondback.,Arizona,Arizona Diamonbacks,,
Houston Astros,Houston Astros,HOU Astros,Houston,,,
Atlanta Braves,Atlanta Braves,ATL Braves,Atlanta,,,
Colorado Rockies,Colorado Rockies,COL Rockies,Colorado,,,
Chicago White Sox,Chicago White Sox,CHI White Sox,,,,
Los Angeles Dodgers,Los Angeles Dodgers,LA Dodgers,,,,
Tokyo Yakult,Tokyo Yakult Swallows,,,,,
Yomiuri Giants,Yomiuri Giants,,,,,
Yokohoma Bay,Yokohama Bay Stars,Yokohama BayStars,Yokohama Dena Baystars
Chunichi Dragons,Chunichi Dragons,,,,,
Hanshin Tigers,Hanshin Tigers,,,,,
Hiroshima Toyo,Hiroshima Toyo Carp,,,,,
Hokkaido Nippon,Hokkaido Nippon Ham Fighters,Hokkaido Nippon-Ham Fighters,,,,
Chiba Lotte,Chiba Lotte Marines,,,,,
Saitama Seibu,Saitama Seibu Lions,,,,,
Tohoku Rakuten,Tohoku Rakuten Golden Eagles,,,,,
Bravos de Leon,Bravos de Leon,,,,,
Leones de Yucatan,Leones de Yucatan,Leones de Yucatn,Leones De Yucatan,,,
Rieleros de Aguascalientes,Rieleros de Aguascalientes,,,,,
Toros de Tijuana,Toros de Tijuana,Toros De Tijuana,,,,
Acereros del Norte,Acereros del Norte,,,,,
Sultanes de Monterrey,Sultanes de Monterrey,,,,,
Tigres de Quintana,Tigres de Quintana Roo,,,,,
Pericos de Puebla,Pericos de Puebla,,,,,
Broncos de Reynosa,Broncos de Reynosa,,,,,
Acereros de Monclova,Acereros de Monclova,,,,,
Cincinatti Reds,CIN Reds,Cincinnati,,,,
Arizona Diamonbacks,ARI Diamondbacks,Arizona Diamondback.,Arizona,,,
Philadelphia hillies,Philadelphia,,,,,
Cleveland Indian,Cleveland,,,,,
Kia Tigers,KIA Tigers,,,,,
Doosan Bears,Doosan Bears,,,,,
Samsung Lions,Samsung Lions,,,,,
KT Wiz,KT Wiz,KT Wiz Suwon
Brothers Elephants,Brothers Elephants,,,,,
Lamigo Monkeys,Lamigo Monkeys,,,,,
Uni Lions,Uni Lions,,,,,
Fubon Guardians,Fubon Guardians,,,,,
Holguin Cuba,Holguin,,,,,
Las Tunas,Las Tunas,,,,,
Matanzas,Matanzas,,,,,
Cienfuegos,Cienfuegos,,,,,
Sancti Spiritus,Sancti Spiritus,,,,,
Granma,Granma,,,,,
Artemisa,Artemisa,,,,,
Ciego de Avila,Ciego de Avila,,,,,
Industriales,Industriales,,,,,
Santiago de Cuba,Santiago de Cuba,,,,,
Pinar del Rio,Pinar del Rio,,,,,
Mayabeque,Mayabeque,,,,,
Villa Clara,Villa Clara,,,,,
Guantanamo,Guantanamo,,,,,
Hanwha Eagles,Hanwha Eagles,,,,,
NC Dinos,NC Dinos,,,,,
LG Twins,LG Twins,,,,,
SK Wyverns,SK Wyverns,,,,,
Lotte Giants,Lotte Giants,,,,,
Nexen Heroes,Nexen Heroes,,,,,
Durham Bulls,Durham Bulls,,,,,
Syracuse Chiefs,Syracuse Chiefs,,,,,
Indiniapolis Indians,Indianapolis Indians,,,,,
Buffalo Bisons,Buffalo Bisons,,,,,
Pawtucket Red ,Pawtucket Red Sox,,,,,
Louisville Bats,Louisville Bats,,,,,
Toledo Mud Hens,Toledo Mud Hens,,,,,
Charlotte Knights,Charlotte Knights,,,,,
Gwinnet Braves,Gwinnett Braves,,,,,
Wilkes-Barre,Scranton / Wilkes-Barre Yankees,,,,,
Lehigh Valley,Lehigh Valley IronPigs,,,,,
Norfolk Tides,Norfolk Tides,,,,,
Rochester Red,Rochester Red Wings,,,,,
Columbus Clippers,Columbus Clippers,,,,,
Colorado Springs,Colorado Springs Sky Sox,,,,,
Iowa Cubs,Iowa Cubs,,,,,
Nashville Sounds,Nashville Sounds,,,,,
Memphis Redbirds,Memphis Redbirds,,,,,
Oklahoma City Dodgers,Oklahoma City Dodgers,,,,,
Omaha Storm,Omaha Storm Chasers,,,,,
Tacoma Rainiers,Tacoma Rainiers,,,,,
Salt Lake,Salt Lake Bees,,,,,
Sacramento River,Sacramento River Cats,,,,,
Reno Aces,Reno Aces,,,,,
Round Rock,Round Rock Express,,,,,
New Orleans Baby,New Orleans Baby Cakes,,,,,
Albuquerque Isotopes,Albuquerque Isotopes,,,,,
El Paso ,El Paso Chihuahuas,,,,,
Las Vegas,Las Vegas 51s,,,,,
Fresno Grizzlies,Fresno Grizzlies,,,,,
Curacao Neptunus,Curacao Neptunus,,,,,
HCAW Bussum,HCAW Bussum,,,,,
Amsterdam,L&D Amsterdam,,,,,
Hoofddorp,Hoofddorp Pioniers,,,,,
Fukuoka SoftBank Hawks,,,,,,
Orix Buffaloes,,,,,,
Isla de la Juventud,,,,,,
Camaguey,,,,,,
Twins Oosterhout,,,,,,
Onze Gezellen,,,,,,
UVV Utrecht,,,,,,
Storks,,,,,,
Quick Amersfoort,,,,,,
USA Students,,,,,,
Korea Republic Students,,,,,,
Japan Students,,,,,,
Czech Republic Students,,,,,,
Russia Students,,,,,,
Chinese Taipei Students,,,,,,
Mexico Students,,,,,,
France Students,,,,,,
DSS
