sport,casa de apostes,equipo1,equipo2,cuota1,cuotaX,cuota2,lliga
Futbol,Interwetten,Maribor,Sevilla FC,15.0,7.5,1.17,Champions League
Futbol,Interwetten,Liverpool,Spartak Moscow,1.8,3.6,4.5,Champions League
Futbol,Interwetten,FC Porto,Monaco,4.1,3.5,1.9,Champions League
Futbol,Interwetten,Shakhtar Donetsk,Manchester City,12.5,6.5,1.22,Champions League
Futbol,Interwetten,Roma,Qarabag,1.6,4.0,5.5,Champions League
Futbol,Interwetten,Manchester United,CSKA Moscow,1.6,4.0,5.5,Champions League
Futbol,Interwetten,Chelsea,Atletico Madrid,3.5,3.4,2.1,Champions League
Futbol,Interwetten,Bayern Munich,Paris SG,3.6,3.6,2.0,Champions League
Futbol,Interwetten,Feyenoord,Napoli,11.0,6.0,1.25,Champions League
Futbol,Interwetten,Real Madrid,Dortmund,2.0,3.7,3.5,Champions League
Futbol,Interwetten,Tottenham Hotspur,APOEL,1.45,4.4,7.2,Champions League
Futbol,Interwetten,RB Leipzig,Besiktas,2.7,3.3,2.6,Champions League
Futbol,Interwetten,Benfica Lissabon,FC Basel,2.5,3.4,2.8,Champions League
Futbol,Interwetten,Celtic Glasgow,Anderlecht,3.7,3.5,2.0,Champions League
Futbol,Interwetten,Olympiakos Piraeus,Juventus,15.0,6.5,1.2,Champions League
Futbol,Interwetten,Barcelona,Sporting Lissabon,1.45,4.4,7.2,Champions League
Futbol,Interwetten,River Plate,Jorge Wilstermann,2.4,3.0,3.0,Copa Libertadores
Futbol,Interwetten,Hamburger SV,Hannover 96,3.35,3.3,2.2,Germany
Futbol,Interwetten,Mainz 05,Bayern Munich,18.0,7.5,1.15,Germany
Futbol,Interwetten,Augsburg,Frankfurt,4.3,3.5,1.85,Germany
Futbol,Interwetten,Hertha BSC,Hoffenheim,4.8,3.6,1.75,Germany
Futbol,Interwetten,FC Cologne,Dortmund,9.0,6.5,1.27,Germany
Futbol,Interwetten,Wolfsburg,VfB Stuttgart,2.95,3.3,2.4,Germany
Futbol,Interwetten,Schalke 04,Werder Bremen,2.6,3.3,2.7,Germany
Futbol,Interwetten,Monchengladbach,RB Leipzig,5.0,3.7,1.7,Germany
Futbol,Interwetten,Freiburg,Leverkusen,6.2,4.0,1.55,Germany
Futbol,Interwetten,Braunschweig,Union Berlin,3.6,3.3,2.0,Germany
Futbol,Interwetten,FC Nrnberg,Duisburg,2.75,3.3,2.4,Germany
Futbol,Interwetten,Kaiserslautern,Sandhausen,3.1,3.3,2.2,Germany
Futbol,Interwetten,Heidenheim,VfL Bochum,3.8,3.45,1.9,Germany
Futbol,Interwetten,Bielefeld,Darmstadt 98,4.0,3.45,1.85,Germany
Futbol,Interwetten,Holstein Kiel,Aue,2.6,3.2,2.6,Germany
Futbol,Interwetten,FC Ingolstadt,FC St. Pauli,2.75,3.3,2.4,Germany
Futbol,Interwetten,Fortuna Dusseldorf,Greuther Furth,2.6,3.2,2.6,Germany
Futbol,Interwetten,Dynamo Dresden,Regensburg,2.75,3.3,2.4,Germany
Futbol,Interwetten,Chemnitz,SV Wehen Wiesbaden,5.5,3.7,1.55,Germany
Futbol,Interwetten,Erfurt,VfL Osnabrck,4.15,3.25,1.85,Germany
Futbol,Interwetten,Wrzburg,VfR Aalen,3.05,3.0,2.35,Germany
Futbol,Interwetten,SG Sonnenhof Grossaspach,Unterhaching,4.3,3.55,1.75,Germany
Futbol,Interwetten,Preussen Muenster,SC Paderborn 07,4.1,3.35,1.8,Germany
Futbol,Interwetten,Magdeburg,Zwickau,2.25,3.1,3.1,Germany
Futbol,Interwetten,SV Meppen,CZ Jena,3.05,3.15,2.25,Germany
Futbol,Interwetten,SF Lotte,Karlsruher SC,4.65,3.55,1.7,Germany
Futbol,Interwetten,Werder Bremen,Hansa Rostock,3.45,3.2,2.05,Germany
Futbol,Interwetten,Hallescher FC,Fortuna Cologne,3.45,3.25,2.05,Germany
Futbol,Interwetten,VfB Eichstatt,TSV Buchbach,3.25,3.5,1.95,Germany
Futbol,Interwetten,Fuerth,TSV 1860 Munich,8.5,5.25,1.25,Germany
Futbol,Interwetten,FC Unterfohring,SV Schalding-Heining,3.75,3.75,1.75,Germany
Futbol,Interwetten,VfR Garching,FV Illertissen,3.6,3.7,1.8,Germany
Futbol,Interwetten,Babelsberg,FC Viktoria Berlin,4.0,3.6,1.75,Germany
Futbol,Interwetten,ZFC Meuselwitz,Auerbach,3.55,3.4,1.9,Germany
Futbol,Interwetten,Dynamo Dresden,Cottbus,6.0,4.55,1.4,Germany
Futbol,Interwetten,FSV Luckenwalde,BSG Chemie Leipzig,4.55,4.2,1.55,Germany
Futbol,Interwetten,Hertha BSC,FC Oberlausitz Neugersdorf,3.45,3.45,1.9,Germany
Futbol,Interwetten,VfB Lubeck,Hamburger SV,2.5,3.35,2.5,Germany
Futbol,Interwetten,ETSV Weiche Flensburg,Braunschweig,1.65,3.6,4.5,Germany
Futbol,Interwetten,Eintracht Norderstedt,FC Altona 93,2.1,3.45,2.95,Germany
Futbol,Interwetten,SV Drochtersen/Assel,Havelse,3.1,3.25,2.15,Germany
Futbol,Interwetten,VfV Hildesheim,Oldenburg,4.55,3.55,1.65,Germany
Futbol,Interwetten,Wolfsburg,Hannover 96,2.45,3.2,2.6,Germany
Futbol,Interwetten,FC Germ Egestorf/Langreder,SW Rehden,2.35,3.35,2.65,Germany
Futbol,Interwetten,SV Eutin 08,FC St. Pauli,9.25,6.25,1.2,Germany
Futbol,Interwetten,SSV Jeddeloh,Hansa Luneburg,2.9,3.4,2.2,Germany
Futbol,Interwetten,VfB Stuttgart,Frankfurt,1.7,3.65,4.15,Germany
Futbol,Interwetten,Eintracht Stadtallendorf,Koblenz,2.45,3.35,2.55,Germany
Futbol,Interwetten,Ulm,SpVgg Elversberg 07,5.75,4.15,1.45,Germany
Futbol,Interwetten,Saarbrucken,Worms,1.55,3.95,5.25,Germany
Futbol,Interwetten,TSV Steinbach,Rochling Volklingen,1.6,3.8,4.7,Germany
Futbol,Interwetten,Offenbach,Mainz 05,2.5,3.25,2.55,Germany
Futbol,Interwetten,TSV Schott Mainz,Kickers Stuttg.,5.25,4.05,1.5,Germany
Futbol,Interwetten,Hoffenheim,Freiburg,3.65,3.6,1.8,Germany
Futbol,Interwetten,RW Essen,SG Wattenscheid 09,2.25,3.15,2.95,Germany
Futbol,Interwetten,Bonner SC,SV Westfalia Rhynern,2.0,3.4,3.3,Germany
Futbol,Interwetten,KFC Uerdingen 05,Verl,1.7,3.6,4.3,Germany
Futbol,Interwetten,Borussia Dortmund,FC Viktoria Kln,3.75,3.75,1.75,Germany
Futbol,Interwetten,SC Wiedenbrueck,FC Wegberg-Beeck,1.95,3.45,3.4,Germany
Futbol,Interwetten,TuS Erndtebruck,Oberhausen,5.75,4.3,1.45,Germany
Futbol,Interwetten,Fortuna Dusseldorf,TSV Alemannia Aachen,4.05,3.6,1.75,Germany
Futbol,Interwetten,FC Koln,Monchengladbach,4.0,3.65,1.75,Germany
Futbol,Interwetten,Brighton,Bournemouth,3.3,3.35,2.2,England
Futbol,Interwetten,Stoke City,Newcastle United,3.15,3.3,2.3,England
Futbol,Interwetten,Burnley,Liverpool,9.5,5.5,1.3,England
Futbol,Interwetten,Leicester City,Huddersfield Town,2.65,3.3,2.65,England
Futbol,Interwetten,Arsenal,Chelsea,4.3,3.5,1.85,England
Futbol,Interwetten,Southampton,Crystal Palace,2.3,3.3,3.15,England
Futbol,Interwetten,Manchester City,Watford,1.35,5.3,8.0,England
Futbol,Interwetten,West Ham,West Bromwich,3.15,3.3,2.3,England
Futbol,Interwetten,Swansea,Tottenham Hotspur,10.5,5.8,1.27,England
Futbol,Interwetten,Everton,Manchester United,8.2,5.5,1.33,England
Futbol,Interwetten,Fulham,Burton Albion FC,1.85,3.6,3.85,England
Futbol,Interwetten,Q.P.R.,Middlesbrough,4.75,3.6,1.7,England
Futbol,Interwetten,Sheffield Wednesday,Cardiff City,3.7,3.25,2.0,England
Futbol,Interwetten,Sunderland,Hull City,3.5,3.3,2.05,England
Futbol,Interwetten,Norwich,Sheffield United,2.75,3.35,2.4,England
Futbol,Interwetten,Leeds United,Millwall,2.55,3.15,2.7,England
Futbol,Interwetten,Wolverhampton,Nottingham Forest,2.15,3.3,3.25,England
Futbol,Interwetten,Bolton,Ipswich,3.75,3.35,1.95,England
Futbol,Interwetten,Reading,Brentford,3.45,3.5,2.0,England
Futbol,Interwetten,Derby County,Bristol City,2.85,3.25,2.35,England
Futbol,Interwetten,Preston North End,Birmingham City,2.75,3.15,2.5,England
Futbol,Interwetten,Aston Villa FC,Barnsley,2.05,3.35,3.35,England
Futbol,Interwetten,Plymouth Argyle,Bury,2.85,3.25,2.3,England
Futbol,Interwetten,Charlton Athletic,Gillingham,1.9,3.4,3.55,England
Futbol,Interwetten,Rochdale,Milton Keynes Dons,3.35,3.25,2.0,England
Futbol,Interwetten,Bristol Rovers,Wigan,4.4,3.6,1.7,England
Futbol,Interwetten,Shrewsbury Town,Oldham,2.4,3.05,2.8,England
Futbol,Interwetten,Rotherham,Bradford City,3.15,3.25,2.1,England
Futbol,Interwetten,Oxford United,Blackpool,2.6,3.15,2.55,England
Futbol,Interwetten,Northampton,Southend,3.55,3.35,1.9,England
Futbol,Interwetten,AFC Wimbledon,Blackburn Rovers,5.25,3.65,1.55,England
Futbol,Interwetten,Fleetwood Town,Portsmouth,3.6,3.2,1.95,England
Futbol,Interwetten,Peterborough,Walsall,2.45,3.25,2.6,England
Futbol,Interwetten,Scunthorpe United,Doncaster,2.85,3.25,2.25,England
Futbol,Interwetten,Luton,Wycombe,2.25,3.2,2.8,England
Futbol,Interwetten,Accrington,Chesterfield,2.1,3.25,3.1,England
Futbol,Interwetten,Stevenage,Swindon,3.0,3.15,2.2,England
Futbol,Interwetten,Barnet,Carlisle,2.95,3.25,2.15,England
Futbol,Interwetten,Forest Green Rovers,Port Vale,2.9,3.2,2.2,England
Futbol,Interwetten,Coventry City,Cambridge,2.7,3.05,2.4,England
Futbol,Interwetten,Notts County,Crawley Town,2.1,3.2,3.15,England
Futbol,Interwetten,Colchester United,Cheltenham,2.75,3.2,2.3,England
Futbol,Interwetten,Crewe,Exeter,3.65,3.35,1.85,England
Futbol,Interwetten,Newport,Morecambe,2.1,3.15,3.15,England
Futbol,Interwetten,Yeovil,Grimsby,3.4,3.2,2.0,England
Futbol,Interwetten,Mansfield Town,Lincoln,2.8,3.0,2.4,England
Futbol,Interwetten,Hartlepool United,Leyton Orient,3.5,3.15,1.9,England
Futbol,Interwetten,Torquay,Barrow,4.15,3.25,1.7,England
Futbol,Interwetten,Guiseley,Wrexham FC,4.6,3.45,1.6,England
Futbol,Interwetten,Chester,Dover Athletic,5.0,3.45,1.55,England
Futbol,Interwetten,Aldershot,Gateshead FC,2.5,3.3,2.35,England
Futbol,Interwetten,AFC Fylde,Eastleigh,3.75,3.2,1.85,England
Futbol,Interwetten,Tranmere Rovers,Ebbsfleet,2.15,3.25,2.8,England
Futbol,Interwetten,Maidstone United FC,Macclesfield Town FC,3.5,3.15,1.9,England
Futbol,Interwetten,Boreham Wood FC,Maidenhead,2.7,3.15,2.25,England
Futbol,Interwetten,Sutton United,Woking FC,2.25,3.15,2.7,England
Futbol,Interwetten,Solihull Moors FC,Bromley,4.0,3.25,1.75,England
Futbol,Interwetten,Halifax,Dagenham,4.15,3.25,1.7,England
Futbol,Interwetten,Inter Milan,FC Crotone,1.33,5.5,8.3,Italy
Futbol,Interwetten,Hellas Verona,Roma,15.0,6.5,1.2,Italy
Futbol,Interwetten,Udinese,AC Milan,7.5,5.5,1.35,Italy
Futbol,Interwetten,Sampdoria,Torino,4.8,3.6,1.75,Italy
Futbol,Interwetten,Atalanta Bergamasca Calcio,Chievo,2.6,3.3,2.7,Italy
Futbol,Interwetten,Bologna,Fiorentina,6.2,4.0,1.55,Italy
Futbol,Interwetten,Juventus,Sassuolo,1.4,4.8,7.5,Italy
Futbol,Interwetten,Benevento Calcio,Napoli,20.0,9.0,1.12,Italy
Futbol,Interwetten,Cagliari,Spal 2013,2.95,3.3,2.4,Italy
Futbol,Interwetten,Lazio,Genoa,1.85,3.5,4.3,Italy
Futbol,Interwetten,Spezia,Venezia,3.7,2.95,2.1,Italy
Futbol,Interwetten,Parma,Perugia,3.65,3.1,2.05,Italy
Futbol,Interwetten,Ascoli,Empoli,6.0,3.65,1.55,Italy
Futbol,Interwetten,Palermo,Foggia,2.6,3.25,2.6,Italy
Futbol,Interwetten,Ternana Calcio,Virtus Entella,3.6,3.05,2.1,Italy
Futbol,Interwetten,Pro Vercelli,Brescia,4.1,3.1,1.95,Italy
Futbol,Interwetten,Avellino,Cesena,3.6,3.05,2.1,Italy
Futbol,Interwetten,Bari,Frosinone,3.65,3.15,2.05,Italy
Futbol,Interwetten,Cittadella,Novara,3.4,3.15,2.15,Italy
Futbol,Interwetten,Pescara,Salernitana,3.15,3.55,2.05,Italy
Futbol,Interwetten,Carpi,Cremonese,4.15,3.1,1.95,Italy
Futbol,Interwetten,Cueno,Giana Erminio,3.0,2.95,2.2,Italy
Futbol,Interwetten,Pontedera,Arzachena,2.6,3.0,2.4,Italy
Futbol,Interwetten,Viterbese,Pisa,3.25,3.1,2.0,Italy
Futbol,Interwetten,Arezzo,Pro Piacenza,2.85,2.95,2.25,Italy
Futbol,Interwetten,Pro Piacenza,AC Pistoiese,3.2,3.05,2.05,Italy
Futbol,Interwetten,Livorno,Alessandria,2.9,3.0,2.2,Italy
Futbol,Interwetten,Olbia Calcio,Carrarese,3.0,3.05,2.15,Italy
Futbol,Interwetten,Monza,AS Lucchese Libertas,3.15,3.05,2.05,Italy
Futbol,Interwetten,Robur Siena Ssd,US Gavorrano,2.05,3.05,3.15,Italy
Futbol,Interwetten,AC Renate,Modena,2.65,2.9,2.5,Italy
Futbol,Interwetten,A.c. Mestre,Unione Sportiva Fermana,2.5,3.0,2.55,Italy
Futbol,Interwetten,Santarcangelo Calcio,Albinoleffe,3.85,3.15,1.8,Italy
Futbol,Interwetten,Ravenna,Teramo Calcio,3.65,3.1,1.85,Italy
Futbol,Interwetten,Vicenza,Padova,2.95,3.0,2.2,Italy
Futbol,Interwetten,Alto Adige Sudtirol,US Triestina Calcio,3.75,3.15,1.85,Italy
Futbol,Interwetten,Fano,Feralpisalo,3.7,3.05,1.85,Italy
Futbol,Interwetten,Sanbenedettese,Gubbio,2.2,3.0,2.95,Italy
Futbol,Interwetten,Pordenone,Bassano,2.6,2.95,2.45,Italy
Futbol,Interwetten,Paganese,Akragas,2.9,3.0,2.25,Italy
Futbol,Interwetten,US Siracusa,Racing Fondi Calcio,2.7,2.95,2.4,Italy
Futbol,Interwetten,FC Matera,Urbs Sportiva Reggina 1914,2.75,2.95,2.35,Italy
Futbol,Interwetten,Fidelis Andria,Cosenza,3.85,3.15,1.8,Italy
Futbol,Interwetten,Catania,Virtus Francavilla,2.35,3.0,2.75,Italy
Futbol,Interwetten,AC Monopoli,ASD Sicula Leonzio,2.9,2.95,2.25,Italy
Futbol,Interwetten,Trapani,Juvestabia,2.4,3.05,2.55,Italy
Futbol,Interwetten,Catanzaro,Bisceglie,3.05,3.0,2.1,Italy
Futbol,Interwetten,Rende,Lecce,6.25,3.7,1.4,Italy
Futbol,Interwetten,CD Leganes,Eibar,3.5,3.4,2.1,Spain
Futbol,Interwetten,Barcelona,Getafe,1.3,5.8,9.0,Spain
Futbol,Interwetten,Malaga,Atletico Madrid,9.0,5.8,1.3,Spain
Futbol,Interwetten,Sevilla FC,Girona CF,2.0,3.4,3.8,Spain
Futbol,Interwetten,Real Madrid,R. Sociedad,1.65,4.0,5.0,Spain
Futbol,Interwetten,Valencia,Levante,2.3,3.3,3.15,Spain
Futbol,Interwetten,La Coruna,Real Betis,4.3,3.5,1.85,Spain
Futbol,Interwetten,Villarreal,Alaves,2.65,3.3,2.65,Spain
Futbol,Interwetten,Athletic de Bilbao,Las Palmas UD,2.4,3.3,2.95,Spain
Futbol,Interwetten,Celta de Vigo,Espanyol,3.15,3.3,2.3,Spain
Futbol,Interwetten,Zaragoza,CD Lugo,3.25,3.05,2.25,Spain
Futbol,Interwetten,Reus,La Hoya Lorca CF,3.15,3.0,2.35,Spain
Futbol,Interwetten,Almeria,Osasuna,4.0,3.2,1.95,Spain
Futbol,Interwetten,Huesca,Leonesa,3.25,3.15,2.2,Spain
Futbol,Interwetten,Albacete,Gimnastic De Tarragona,3.6,3.1,2.1,Spain
Futbol,Interwetten,Teneriffa,Cordoba,2.85,3.1,2.5,Spain
Futbol,Interwetten,Granada,Valladolid,4.0,3.4,1.85,Spain
Futbol,Interwetten,Rayo Vallecano,Sevilla Atletico,2.25,3.2,3.1,Spain
Futbol,Interwetten,Sporting Gijon,Numancia,3.05,3.0,2.35,Spain
Futbol,Interwetten,Barcelona,Alcorcon,3.7,3.25,2.0,Spain
Futbol,Interwetten,Cdiz,Oviedo,3.4,3.05,2.2,Spain
Futbol,Interwetten,Bordeaux,Toulouse,2.6,3.2,2.6,France
Futbol,Interwetten,Caen,Nantes,3.75,3.2,2.0,France
Futbol,Interwetten,Montpellier,Troyes,2.8,3.1,2.5,France
Futbol,Interwetten,Marseille,SC Amiens,2.1,3.15,3.45,France
Futbol,Interwetten,Olympique Gymnaste Club de Nice,Rennes,2.8,3.1,2.5,France
Futbol,Interwetten,Strasbourg,Monaco,12.0,5.5,1.22,France
Futbol,Interwetten,Lille,Guingamp,3.3,3.1,2.2,France
Futbol,Interwetten,St. Etienne,Dijon,2.4,3.15,2.9,France
Futbol,Interwetten,Metz,Angers,5.3,3.5,1.65,France
Futbol,Interwetten,Lyon,Paris SG,13.0,5.8,1.2,France
Futbol,Interwetten,Clermont Foot,Ajaccio,3.25,3.0,2.2,France
Futbol,Interwetten,Nancy,US Quevilly Rouen,1.95,3.15,3.65,France
Futbol,Interwetten,Niort,US Orleans,3.75,3.15,1.95,France
Futbol,Interwetten,Ajaccio,Lorient,5.25,3.6,1.6,France
Futbol,Interwetten,Le Havre,Brest,2.85,3.0,2.4,France
Futbol,Interwetten,Chateauroux,FC Bourg Peronnas,2.7,3.15,2.4,France
Futbol,Interwetten,Auxerre,Nimes,4.0,3.2,1.85,France
Futbol,Interwetten,Lens,Valenciennes,2.5,3.05,2.7,France
Futbol,Interwetten,Tours,Paris SG,3.8,2.95,2.0,France
Futbol,Interwetten,Stade de Reims,Sochaux,2.75,2.9,2.55,France
Futbol,Interwetten,Grenoble,Pau,2.75,2.75,2.5,France
Futbol,Interwetten,Les Herbiers,US Boulogne,3.4,2.85,2.05,France
Futbol,Interwetten,AS Beziers,US Creteil,2.95,2.9,2.25,France
Futbol,Interwetten,Avranches,GS Consolat Marseille,3.45,3.2,1.9,France
Futbol,Interwetten,Concarneau,Rodez Aveyron,4.0,3.05,1.8,France
Futbol,Interwetten,Lyon Duchere,Sannois St Gratien,2.8,2.85,2.4,France
Futbol,Interwetten,FC Chambly Thelle,Dunkerque,2.95,2.95,2.2,France
Futbol,Interwetten,Laval,Red Star 93 Paris,2.8,2.85,2.4,France
Futbol,Interwetten,Grasshoppers Zrich,FC Lausanne-Sport,2.2,3.3,3.1,Switzerland
Futbol,Interwetten,FC Basel,St. Gallen,1.8,3.6,4.0,Switzerland
Futbol,Interwetten,Sion,Lugano,2.65,3.3,2.5,Switzerland
Futbol,Interwetten,Lucerne,Young Boys Bern,4.7,3.8,1.65,Switzerland
Futbol,Interwetten,Grasshoppers Zrich,Thun,2.7,3.4,2.4,Switzerland
Futbol,Interwetten,Rapid Vienna,Altach,2.2,3.3,3.1,Austria
Futbol,Interwetten,LASK,Wolfsberger AC,2.75,3.3,2.4,Austria
Futbol,Interwetten,St. Poelten,Austria Vienna,7.0,4.0,1.45,Austria
Futbol,Interwetten,Sturm Graz,Admira Wacker,2.3,3.3,2.9,Austria
Futbol,Interwetten,RB Salzburg,Mattersburg,1.5,4.0,6.1,Austria
Futbol,Interwetten,FC Liefering,WSG Wattens,2.1,3.3,3.0,Australia
Futbol,Interwetten,wacker innsbruck,Kapfenberg,1.9,3.4,3.45,Australia
Futbol,Interwetten,Rapid Vienna,Parndorf,3.1,3.7,1.95,Austria
Futbol,Interwetten,SC Neusiedl,FC Stadlau,3.45,3.75,1.8,Austria
Futbol,Interwetten,Amstetten,Austria Vienna,2.95,3.65,2.0,Austria
Futbol,Interwetten,Mannsdorf,Schwechat,1.7,3.7,3.85,Austria
Futbol,Interwetten,SG SK Austria Klagenfurt,DSC Mithlinger Fenster,3.2,3.6,1.95,Austria
Futbol,Interwetten,SC Weiz,Sturm Graz,6.0,4.3,1.4,Austria
Futbol,Interwetten,Steyr,Union Gurten,3.05,3.65,1.95,Austria
Futbol,Interwetten,Grdig,Kufstein,1.5,4.3,4.75,Austria
Futbol,Interwetten,Hard,RB Salzburg,11.0,6.25,1.16,Austria
Futbol,Interwetten,Saalfelden,SC Schwaz,5.5,4.5,1.45,Austria
Futbol,Interwetten,FC Dornbirn,Altach,3.65,3.75,1.75,Austria
Futbol,Interwetten,wacker innsbruck,VfB Hohenems,2.75,3.65,2.1,Austria
Futbol,Interwetten,SV Seekirchen,TSV McDonalds St Johann im Pongau,4.45,3.95,1.6,Austria
Futbol,Interwetten,FC Alberschwende,Wals Grnau,4.55,4.05,1.55,Austria
Futbol,Interwetten,Glasgow Rangers,Partick Thistle,1.55,4.0,5.5,Scotland
Futbol,Interwetten,St. Johnstone,Dundee FC,2.4,3.3,2.75,Scotland
Futbol,Interwetten,Motherwell,Hibernian,5.4,3.7,1.6,Scotland
Futbol,Interwetten,Heart of Midlothian,Hamilton,2.1,3.3,3.3,Scotland
Futbol,Interwetten,Kilmarnock,Aberdeen,8.3,4.8,1.33,Scotland
Futbol,Interwetten,Ross County,Celtic Glasgow,15.0,7.0,1.15,Scotland
Futbol,Interwetten,Livingston,Inverness,3.3,3.35,1.95,Scotland
Futbol,Interwetten,Brechin,Dumbarton,3.25,3.4,1.95,Scotland
Futbol,Interwetten,St. Mirren,Dunfermline Athletic,2.65,3.3,2.35,Scotland
Futbol,Interwetten,Dundee United,Falkirk,2.5,3.25,2.5,Scotland
Futbol,Interwetten,Morton,Queen of South,3.1,3.25,2.1,Scotland
Futbol,Interwetten,Alloa,Ayr United,3.8,3.6,1.75,Scotland
Futbol,Interwetten,Arbroath,Forfar,2.55,3.4,2.35,Scotland
Futbol,Interwetten,East Fife,Airdrie,3.2,3.45,2.0,Scotland
Futbol,Interwetten,Raith Rovers,Queens Park,1.55,3.95,4.85,Scotland
Futbol,Interwetten,Stranraer,Albion Rovers,2.55,3.3,2.4,Scotland
Futbol,Interwetten,Peterhead,Cowdenbeath,1.75,3.5,3.85,Scotland
Futbol,Interwetten,Stirling Albion,Montrose,2.6,3.35,2.35,Scotland
Futbol,Interwetten,Stenhousemuir,Annan Athletic,2.35,3.35,2.55,Scotland
Futbol,Interwetten,Edinburgh City,Clyde,3.4,3.4,1.9,Scotland
Futbol,Interwetten,Elgin,Berwick,2.35,3.35,2.6,Scotland
Futbol,Interwetten,Vitoria Setubal,Pacos Ferreira,3.3,3.1,2.2,Portugal
Futbol,Interwetten,Benfica Lissabon,Boavista Porto,1.4,4.3,7.5,Portugal
Futbol,Interwetten,Estoril,Belenenses,3.75,3.2,2.0,Portugal
Futbol,Interwetten,Vitoria Guimaraes,Sporting Braga,3.75,3.2,2.0,Portugal
Futbol,Interwetten,Moreirense,Desportivo Chaves,3.3,3.1,2.2,Portugal
Futbol,Interwetten,Aves,Maritimo Funchal,3.45,3.15,2.1,Portugal
Futbol,Interwetten,CD Tondela,Sporting Lissabon,15.0,7.0,1.15,Portugal
Futbol,Interwetten,FC Porto,Rio Ave,1.4,4.3,7.5,Portugal
Futbol,Interwetten,Feirense,Portimonense,3.3,3.1,2.2,Portugal
Futbol,Interwetten,CD Nacional,FC Porto,3.0,3.0,2.25,Portugal
Futbol,Interwetten,Famalicao,Covilha,3.2,3.0,2.15,Portugal
Futbol,Interwetten,Vitoria Guimaraes,Academica Viseu,3.6,3.1,2.0,Portugal
Futbol,Interwetten,Santa Clara,Gil Vicente,3.15,2.9,2.25,Portugal
Futbol,Interwetten,Penafiel,Real Sporte,2.55,3.0,2.6,Portugal
Futbol,Interwetten,Arouca,Varzim,2.8,2.9,2.45,Portugal
Futbol,Interwetten,AZ Alkmaar,Sparta Rotterdam,2.0,3.5,3.4,Holland
Futbol,Interwetten,Willem II,Roda Kerkrade,3.1,3.3,2.2,Holland
Futbol,Interwetten,Heracles,Zwolle,4.2,3.7,1.75,Holland
Futbol,Interwetten,Ajax Amsterdam,Den Haag,1.25,6.0,9.0,Holland
Futbol,Interwetten,Venlo,Vitesse Arnheim,5.0,3.9,1.6,Holland
Futbol,Interwetten,Heerenveen,Excelsior,2.1,3.4,3.2,Holland
Futbol,Interwetten,Groningen,NAC Breda,2.3,3.3,2.9,Holland
Futbol,Interwetten,FC Utrecht,FC Twente Enschede,2.0,3.5,3.4,Holland
Futbol,Interwetten,Feyenoord,PSV Eindhoven,3.2,3.4,2.1,Holland
Futbol,Interwetten,Volendam,Fortuna Sittard,2.45,3.4,2.45,Holland
Futbol,Interwetten,Jong Ajax Amsterdam,Helmond Sport,2.05,3.5,3.0,Holland
Futbol,Interwetten,Emmen,Nijmegen,4.05,3.8,1.65,Holland
Futbol,Interwetten,Cambuur,Go Ahead,2.5,3.25,2.45,Holland
Futbol,Interwetten,Graafschap,Jong FC Utrecht,1.6,3.9,4.45,Holland
Futbol,Interwetten,Jong PSV,Maastricht,3.75,3.55,1.8,Holland
Futbol,Interwetten,PSV Eindhoven,Waalwijk,2.45,3.35,2.5,Holland
Futbol,Interwetten,Den Bosch,Telstar,2.9,3.4,2.15,Holland
Futbol,Interwetten,Almere City FC,Dordrecht,2.1,3.5,2.95,Holland
Futbol,Interwetten,Mechelen,Club Brugge,9.0,5.0,1.3,Belgium
Futbol,Interwetten,FC Antwerpen,Lokeren,3.3,3.3,2.1,Belgium
Futbol,Interwetten,Genk,St. Truiden,2.2,3.3,3.1,Belgium
Futbol,Interwetten,Gent,Oostende,2.5,3.3,2.65,Belgium
Futbol,Interwetten,Anderlecht,Kortrijk,1.65,3.6,5.1,Belgium
Futbol,Interwetten,Waasland Beveren,Charleroi,5.6,3.9,1.55,Belgium
Futbol,Interwetten,Mouscron,Zulte Waregem,5.6,3.9,1.55,Belgium
Futbol,Interwetten,Standard Liege,Eupen,2.1,3.3,3.3,Belgium
Futbol,Interwetten,Antalyaspor,Kayserispor,2.75,3.3,2.4,Turkey
Futbol,Interwetten,Karabkspor,Akhisar Bld Spor,4.2,3.5,1.8,Turkey
Futbol,Interwetten,Trabzonspor,Istanbul Basaksehir,4.2,3.5,1.8,Turkey
Futbol,Interwetten,Genclerbirligi,Gztepe AS,3.6,3.3,2.0,Turkey
Futbol,Interwetten,Kasimpasaspor,Galatasaray,9.0,5.0,1.3,Turkey
Futbol,Interwetten,Sivasspor,Osmanlispor,4.2,3.5,1.8,Turkey
Futbol,Interwetten,Fenerbahce,Alanyaspor,2.0,3.3,3.6,Turkey
Futbol,Interwetten,Konyaspor,Besiktas,7.3,4.4,1.4,Turkey
Futbol,Interwetten,Gaziantep Bld Spor,Istanbulspor AS,2.55,2.95,2.5,Turkey
Futbol,Interwetten,Manisaspor,Adanaspor,4.05,3.4,1.7,Turkey
Futbol,Interwetten,Giresunspor,Denizlispor,2.2,3.2,2.75,Turkey
Futbol,Interwetten,Balikesirspor,Elazigspor,3.75,3.35,1.75,Turkey
Futbol,Interwetten,Ankaragc,Caykur Rizespor,6.0,4.7,1.35,Turkey
Futbol,Interwetten,Erzurum Buyuksehir Belediyesi Spor,Gaziantepspor,1.18,5.75,9.5,Turkey
Futbol,Interwetten,Skoda Xanthi FC,Levadiakos,3.25,2.85,2.4,Greece
Futbol,Interwetten,AEK Athen,Lamia,1.4,3.95,9.25,Greece
Futbol,Interwetten,Panetolikos,PAOK Thessaloniki,18.25,6.5,1.15,Greece
Futbol,Interwetten,Apollon Smirnis,Panathinaikos Athen,11.0,5.25,1.25,Greece
Futbol,Interwetten,AO Kassiopi,Platanias,5.5,3.25,1.7,Greece
Futbol,Interwetten,Panionios Athen,PAS Giannina,3.05,2.95,2.45,Greece
Futbol,Interwetten,Olympiakos Nikosia,Eth. Achnas,4.9,4.25,1.5,Cyprus
Futbol,Interwetten,Aris Lemesou,Alki Oroklinis,3.05,3.15,2.15,Cyprus
Futbol,Interwetten,Anorthosis,APOEL,7.75,4.3,1.35,Cyprus
Futbol,Interwetten,N.Salamina,Doxa K.,2.65,3.25,2.35,Cyprus
Futbol,Interwetten,Ermis Aradippou,Apollon Limassol LFC,9.0,4.8,1.25,Cyprus
Futbol,Interwetten,Dinamo Moscow,Arsenal Tula,2.65,2.9,2.6,Russia
Futbol,Interwetten,Spartak Moscow,FK Tosno,1.75,3.3,4.2,Russia
Futbol,Interwetten,Amkar Perm,FC Lokomotiv Moscow,7.0,3.5,1.45,Russia
Futbol,Interwetten,FK Rostov,CSKA Moscow,5.25,3.25,1.65,Russia
Futbol,Interwetten,Terek Groznyi,Energia Khabarovsk,1.95,2.95,3.8,Russia
Futbol,Interwetten,Ekaterinburg,Rubin Kazan,5.0,3.3,1.65,Russia
Futbol,Interwetten,Sevilla FC,Zenit St Petersburg,10.25,4.55,1.25,Russia
Futbol,Interwetten,Zenit St Petersburg,Luch-Energia Vladivostok,2.95,2.95,2.25,Russia
Futbol,Interwetten,Krasnoyarsk,Volga Olimpiets,1.9,3.15,3.55,Russia
Futbol,Interwetten,FK Tambov,FK Khimki,1.95,3.0,3.55,Russia
Futbol,Interwetten,Gazovik Orenburg,Volgar-Gazprom Astrahan,2.7,2.85,2.45,Russia
Futbol,Interwetten,Worenesch,FK Krasnodar,4.25,3.25,1.7,Russia
Futbol,Interwetten,Spartak Moscow,Tom Tomsk,2.4,3.0,2.6,Russia
Futbol,Interwetten,FC Sibir Novosibirsk,Shinnik Jaroslavl,3.45,3.0,1.95,Russia
Futbol,Interwetten,Rotor Volgograd,Avangard Kursk,4.2,3.1,1.75,Russia
Futbol,Interwetten,Kaliningrad,Samara,5.75,3.25,1.55,Russia
Futbol,Interwetten,FK Tyumen,Dynamo St Peter,3.55,3.1,1.9,Russia
Futbol,Interwetten,Odense Q,Silkeborg,2.45,3.1,2.65,Denmark
Futbol,Interwetten,Horsens,Snderjyske,3.95,3.4,1.75,Denmark
Futbol,Interwetten,FC Copenhagen,FC Helsingor,1.4,4.1,7.0,Denmark
Futbol,Interwetten,AGF Aarhus,Nordsjaelland,3.1,3.35,2.05,Denmark
Futbol,Interwetten,Lyngby,Randers,3.2,3.1,2.1,Denmark
Futbol,Interwetten,Hobro IK,FC Midtjylland,5.25,4.0,1.5,Denmark
Futbol,Interwetten,Aalborg,Brondby IF,6.0,4.05,1.45,Denmark
Futbol,Interwetten,Vendsyssel FF,Skive,1.75,3.5,3.95,Denmark
Futbol,Interwetten,Viborg,HB Koege,2.5,3.05,2.6,Denmark
Futbol,Interwetten,Thisted FC,Lolland,3.0,3.4,2.1,Denmark
Futbol,Interwetten,Fredericia,Vejle,3.25,3.35,2.0,Denmark
Futbol,Interwetten,FC Amager,Roskilde,3.65,3.4,1.85,Denmark
Futbol,Interwetten,Esbjerg,Brabrand,1.65,3.75,4.3,Denmark
Futbol,Interwetten,Norrkoping,Kalmar,2.85,3.3,2.5,Sweden
Futbol,Interwetten,Jonkopings Sodra IF,IFK Gothenburg,5.3,3.8,1.65,Sweden
Futbol,Interwetten,Ostersunds FK,IK Sirius,2.95,3.3,2.4,Sweden
Futbol,Interwetten,Hammarby,Malmo FF,6.5,4.2,1.5,Sweden
Futbol,Interwetten,Elfsborg,Haecken,4.1,3.5,1.9,Sweden
Futbol,Interwetten,Orebro SK,Djurgarden,7.5,4.8,1.4,Sweden
Futbol,Interwetten,Halmstad,AIK Stockholm,9.5,5.5,1.3,Sweden
Futbol,Interwetten,Sundsvall,Athletic FC United,2.85,3.3,2.5,Sweden
Futbol,Interwetten,Syrianska FC,Atvidaberg,3.05,3.45,2.1,Sweden
Futbol,Interwetten,Orgryte,Falkenberg,3.8,3.55,1.85,Sweden
Futbol,Interwetten,Brommapojkarna,Norrby IF,1.55,4.1,5.0,Sweden
Futbol,Interwetten,Trelleborg,Oesters,3.1,3.35,2.15,Sweden
Futbol,Interwetten,Dalkurd FF,Gefle,1.85,3.55,3.65,Sweden
Futbol,Interwetten,Degerfors IF,Vaernamo,3.45,3.45,1.95,Sweden
Futbol,Interwetten,Varbergs Bois FC,Helsingborgs IF,4.2,3.55,1.75,Sweden
Futbol,Interwetten,IK Frej,Gais Gteborg,3.45,3.35,2.0,Sweden
Futbol,Interwetten,Oskarshamns Aik,Kristianstads,2.85,3.55,2.15,Sweden
Futbol,Interwetten,Skvde AIK,Utsiktens BK,6.5,5.25,1.35,Sweden
Futbol,Interwetten,IK Oddevold,Angelholm,2.45,3.55,2.45,Sweden
Futbol,Interwetten,FK Karlskrona,Qviding FIF,2.05,3.6,3.0,Sweden
Futbol,Interwetten,Landskrona Bois,Mjallby Aif,2.25,3.65,2.65,Sweden
Futbol,Interwetten,Husqvarna FF,Ljungskile SK,3.25,3.7,1.9,Sweden
Futbol,Interwetten,Staal Jrpeland,Madla,2.65,4.4,1.9,Norway
Futbol,Interwetten,Jyvaskyla,Hifk,4.45,3.6,1.65,Finland
Futbol,Interwetten,HJK Helsinki,Ilves,1.9,3.35,3.55,Finland
Futbol,Interwetten,PS Kemi,IFK Mariehamn,5.5,3.6,1.55,Finland
Futbol,Interwetten,Kuopio PS,Vaasa,2.65,3.1,2.45,Finland
Futbol,Interwetten,Seinajoen JK,Rovaniemi,1.95,3.3,3.45,Finland
Futbol,Interwetten,FC Lahti,Inter Turku,2.65,3.05,2.45,Finland
Futbol,Interwetten,Inter Turku,FC Haka Valkeakoski,1.9,3.4,3.5,Finland
Futbol,Interwetten,FC Honka,Jaro FF,1.9,3.45,3.4,Finland
Futbol,Interwetten,IF Gnistan,KPV Kokkola,7.25,4.6,1.3,Finland
Futbol,Interwetten,OPS-jp,Eif,3.75,3.7,1.75,Finland
Futbol,Interwetten,Grankulla IFK,AC Oulu,5.5,4.35,1.45,Finland
Futbol,Interwetten,TPV Tampere,Nups,1.6,4.55,3.8,Finland
Futbol,Interwetten,Banik Ostrava,Dukla Praga,4.4,3.5,1.65,Czech
Futbol,Interwetten,Liberec,Brno,2.9,3.0,2.35,Czech
Futbol,Interwetten,Boleslav,Slovacko,2.4,3.05,2.7,Czech
Futbol,Interwetten,Sparta Prague,Slavia Prague,3.15,3.25,2.05,Czech
Futbol,Interwetten,Bohemians 1905,Teplice,4.7,3.25,1.7,Czech
Futbol,Interwetten,SK Sigma Olomouc,MFK Karvina,2.8,3.05,2.35,Czech
Futbol,Interwetten,Jihlava,Jablonec,6.5,4.0,1.4,Czech
Futbol,Interwetten,Zlin,Viktoria Plzen,7.75,4.3,1.35,Czech
Futbol,Interwetten,FC Vitkovice,FC Graffin Vlasim,4.95,3.55,1.55,Czech
Futbol,Interwetten,Opava,FK Trinec,2.35,3.05,2.65,Czech
Futbol,Interwetten,Hradec Kralove,Slovan Varnsdorf,2.1,3.1,3.0,Czech
Futbol,Interwetten,Banik Sokolov,Viktoria Zizkov,3.6,3.15,1.85,Czech
Futbol,Interwetten,SC Znojmo,FK Pardubice,3.2,3.05,2.05,Czech
Futbol,Interwetten,Usti nad Labem,Mas Taborsko,3.5,3.15,1.9,Czech
Futbol,Interwetten,FK Olympia Praha,Pribram,7.0,4.35,1.3,Czech
Futbol,Interwetten,Fotbal Frydek Mistek,Budweis,6.0,3.85,1.4,Czech
Futbol,Interwetten,Stal Dneprodzerzhinsk,Oleksandria,6.0,3.1,1.6,Ukraine
Futbol,Interwetten,FC Zirka Kirovohrad,Illichivec Mariupol,3.6,3.0,2.0,Ukraine
Futbol,Interwetten,Shakhtar Donetsk,Chernomorets Odessa,1.12,6.75,15.5,Ukraine
Futbol,Interwetten,W. Poltawa,Veres Rivne,2.2,2.85,3.2,Ukraine
Futbol,Interwetten,Karpaty Lviv,Zorya Lugansk,4.45,3.4,1.7,Ukraine
Futbol,Interwetten,Dynamo Kiev,Olimpik Donetsk,1.3,4.55,9.0,Ukraine
Futbol,Interwetten,MFK Ruzomberok,Slovan Bratislava,5.0,4.05,1.5,Slovakia
Futbol,Interwetten,FK Senica,MFK Zemplin Michalovce,4.5,3.45,1.65,Slovakia
Futbol,Interwetten,Trencin,MSK Zilina,4.05,3.4,1.75,Slovakia
Futbol,Interwetten,Spartak Trnava,FC Tatran Presov,2.1,3.2,3.1,Slovakia
Futbol,Interwetten,ZP Sport Podbrezova,Nitra,4.5,3.45,1.65,Slovakia
Futbol,Interwetten,Dunajska Streda,Zlate Moravce,2.4,3.2,2.6,Slovakia
Futbol,Interwetten,Mezokvesd Zsory,Puskas Akademia,4.4,3.4,1.65,Hungary
Futbol,Interwetten,Paksi FC,Diosgyor,4.25,3.35,1.7,Hungary
Futbol,Interwetten,Videoton,Vasas Budapest,1.8,3.35,3.6,Hungary
Futbol,Interwetten,Debrecen,Balmazujvaros Sport KFT,2.15,3.15,2.85,Hungary
Futbol,Interwetten,Ujpest Dozsa,Szombathelyi Haladas FC,2.3,3.15,2.65,Hungary
Futbol,Interwetten,Ferencvaros,Budapest Honved,2.8,3.05,2.25,Hungary
Futbol,Interwetten,ACS Sepsi,ACS Poli Timisoara,5.0,3.4,1.6,Romania
Futbol,Interwetten,CFR Cluj,Concordia Chiajna,1.55,3.6,5.25,Romania
Futbol,Interwetten,Viitorul Constanta,FC Astra Giurgiu,3.1,3.05,2.15,Romania
Futbol,Interwetten,CS Universitatea Craiova,ACS Sepsi,1.8,3.3,4.05,Romania
Futbol,Interwetten,CS Voluntari,CS Municipal Studentesc Iasi,2.95,3.0,2.3,Romania
Futbol,Interwetten,Dinamo Bucuresti,CS Universitatea Craiova,2.85,3.05,2.3,Romania
Futbol,Interwetten,CS Gaz Metan Medias,Steaua Bucharest,7.0,4.2,1.4,Romania
Futbol,Interwetten,ACS Poli Timisoara,CS Voluntari,3.0,3.1,2.2,Romania
Futbol,Interwetten,Concordia Chiajna,Dinamo Bucuresti,6.0,4.15,1.4,Romania
Futbol,Interwetten,FC Dunav Ruse,FC Vereya,2.6,3.2,2.3,Bulgaria
Futbol,Interwetten,Pirin Blagoevgrad,FC Vitosha Sofia,1.9,3.15,3.4,Bulgaria
Futbol,Interwetten,Botev Plovdiv,Ludogorets Razgrad,11.25,6.5,1.12,Bulgaria
Futbol,Interwetten,FK Septemvri Sofia,Levski Sofia,7.5,5.5,1.22,Bulgaria
Futbol,Interwetten,Slavia Sofia,Cherno More Varna,1.7,3.45,4.05,Bulgaria
Futbol,Interwetten,Slavia Sofia,Lok. Plovdiv,4.35,3.7,1.6,Bulgaria
Futbol,Interwetten,FC Minsk,FC Dinamo Minsk,7.25,4.0,1.4,Belarus
Futbol,Interwetten,FC Gomel,FC Vitebsk,3.7,3.25,1.9,Belarus
Futbol,Interwetten,Shakhter Soligorsk,Slavia Mozyr,1.22,5.0,9.75,Belarus
Futbol,Interwetten,Brest,FC Slutsk,2.9,3.1,2.25,Belarus
Futbol,Interwetten,BATE Borisov,Isloch,1.09,7.0,19.75,Belarus
Futbol,Interwetten,Zaglebie Lubin,Arka Gdynia,2.45,3.1,2.6,Poland
Futbol,Interwetten,Pogon,Wisla Plock,2.65,3.05,2.5,Poland
Futbol,Interwetten,Piast Gliwice,Wisla Krakow,4.1,3.45,1.75,Poland
Futbol,Interwetten,Cracovia Krakau,Legia Warsaw,7.0,4.35,1.35,Poland
Futbol,Interwetten,Kielce Korona,Lech Poznan,4.85,3.75,1.55,Poland
Futbol,Interwetten,WKS Slask Wroclaw,Gornik Zabrze,3.1,3.1,2.15,Poland
Futbol,Interwetten,Termalica Bruk Bet Nieciecza,Sandecja Nowy Sacz,2.6,3.0,2.55,Poland
Futbol,Interwetten,Jagiellonia Bialystok,Lechia Gdansk,3.3,3.1,2.05,Poland
Futbol,Interwetten,GKS Tychy 71,Ruch Chorzow,2.15,3.15,2.9,Poland
Futbol,Interwetten,Puszcza Niepolomnice,Bytovia Bytow,3.5,3.15,1.9,Poland
Futbol,Interwetten,Pogon Siedlce,Podbeskidzie Bielsko Biala,3.25,3.2,1.95,Poland
Futbol,Interwetten,Miedz Legnica,Stomil Olsztyn,1.95,3.2,3.25,Poland
Futbol,Interwetten,GKS Katowice,Stal Mielec,2.25,3.15,2.7,Poland
Futbol,Interwetten,Rakow Czestochowa,Chrobry Glogow,2.8,3.2,2.15,Poland
Futbol,Interwetten,MKS Chojniczanka Chojnice,Zaglebie Sosnowiec,2.85,3.2,2.15,Poland
Futbol,Interwetten,Odra Opole,Wigry Suwalki,2.75,3.2,2.2,Poland
Futbol,Interwetten,Olimpia Grudziadz,GKS Tychy 71,2.75,3.05,2.3,Poland
Futbol,Interwetten,Gornik Leczna,Ruch Chorzow,3.05,3.2,2.05,Poland
Futbol,Interwetten,NK Lokomotiva Zagreb,HNK Cibalia Vinkovci,2.1,3.2,3.15,Croatia
Futbol,Interwetten,Dinamo Zagreb,Inter Zapresic,1.22,4.9,10.75,Croatia
Futbol,Interwetten,NK Istra 1961,NK Rudes,2.8,3.0,2.35,Croatia
Futbol,Interwetten,WFC Osijek,NK Slaven Belupo,2.8,2.95,2.45,Croatia
Futbol,Interwetten,Rijeka,Hajduk Split,2.3,3.1,2.85,Croatia
Futbol,Interwetten,NK Krsko,NK Celje,3.2,3.0,2.05,Slovenia
Futbol,Interwetten,Ankaran Hrvatini Mas Tech,Aluminij,5.5,3.7,1.5,Slovenia
Futbol,Interwetten,Maribor,ND Gorica,2.05,3.0,3.2,Slovenia
Futbol,Interwetten,NK Rudar Velenje,Triglav Gorenjska,2.65,2.95,2.4,Slovenia
Futbol,Interwetten,NK Domzale,NK Olimpija Ljubljana,3.15,3.0,2.1,Slovenia
Futbol,Interwetten,FK Akzhayik Uralsk,FC Irtysh Pavlodar,5.25,3.75,1.55,Kazakhstan
Futbol,Interwetten,Ordabasy Shymkent,Tobol Kostanay,2.75,2.95,2.45,Kazakhstan
Futbol,Interwetten,Kairat Almaty,Taraz,1.25,4.6,9.5,Kazakhstan
Futbol,Interwetten,FC Aktobe,FK Atyrau,2.8,2.95,2.45,Kazakhstan
Futbol,Interwetten,TNS,Cardiff Met University,1.4,4.9,5.5,Wales
Futbol,Interwetten,Prestatyn Town,Newi Cefn Druids AFC,3.25,3.5,1.95,Wales
Futbol,Interwetten,Aberystwyth,Newtown,3.95,3.65,1.7,Wales
Futbol,Interwetten,GAP Connah'S Quay FC,Bangor City,2.3,3.35,2.7,Wales
Futbol,Interwetten,Carmarthen Town AFC,Bala Town,6.25,4.45,1.4,Wales
Futbol,Interwetten,Barry Town FC,Llandudno FC,3.85,3.65,1.75,Wales
Futbol,Interwetten,Vikingur Reykjavik,Breidablik,2.3,3.25,2.75,Iceland
Futbol,Interwetten,Valur,Ka Akureyri,1.95,3.45,3.25,Iceland
Futbol,Interwetten,Hafnarfjordur,Vikingur Reykjavik,2.05,3.3,3.15,Iceland
Futbol,Interwetten,IA Akranes,Fjlnir Reykjavik,4.4,3.95,1.6,Iceland
Futbol,Interwetten,Grindavik Umf,Vestmannaeyjar,3.5,3.5,1.85,Iceland
Futbol,Interwetten,Vikingur Olafsvk,Stjarnan,10.0,5.5,1.2,Iceland
Futbol,Interwetten,Leiknir Reykjavik,Thor Akureyri,3.0,3.6,2.0,Iceland
Futbol,Interwetten,Fylkir,Haukar Hafnafjrdur,1.75,3.45,3.85,Iceland
Futbol,Interwetten,Fram Reykjavik,Keflavik,5.0,4.05,1.5,Iceland
Futbol,Interwetten,UMF Selfoss,Throttur,4.0,3.75,1.7,Iceland
Futbol,Interwetten,HK Kopavogs,Grotta,1.4,4.35,6.0,Iceland
Futbol,Interwetten,Leiknir Faskruosfiroi,Vikingur Reykjavik,4.2,4.0,1.6,Iceland
Futbol,Interwetten,Orlando City SC,Atlanta United FC,5.5,4.35,1.5,MLS
Futbol,Interwetten,NSC Minnesota Stars,Montreal Impact,5.75,4.6,1.45,MLS
Futbol,Interwetten,New England,Sporting Kansas City,6.0,4.2,1.5,MLS
Futbol,Interwetten,New York City FC,Colorado Rapids,2.45,3.3,2.7,MLS
Futbol,Interwetten,Philadelphia Union,New York City FC,5.5,4.2,1.5,MLS
Futbol,Interwetten,Columbus Crew,Vancouver,3.4,3.6,2.0,MLS
Futbol,Interwetten,Seattle Sounders,FC Dallas,3.55,3.45,1.95,MLS
Futbol,Interwetten,Washington DC United,Chicago Fire,5.5,4.2,1.5,MLS
Futbol,Interwetten,Portland,Real Salt Lake,3.45,3.55,1.95,MLS
Futbol,Interwetten,Toronto FC,Los Angeles Galaxy,2.3,3.5,2.8,MLS
Futbol,Interwetten,CA Patronato,CA Tigre,4.65,3.2,1.7,Argentina
Futbol,Interwetten,Union De Santa Fe,Defensa y Justicia,4.6,3.1,1.75,Argentina
Futbol,Interwetten,Olimpo,Newells Old Boys,3.65,2.95,2.0,Argentina
Futbol,Interwetten,Lanus,CA Independiente,4.75,3.2,1.7,Argentina
Futbol,Interwetten,CA Chacarita Juniors,Atletico Tucuman,3.8,3.05,1.95,Argentina
Futbol,Interwetten,Godoy Cruz,Boca Juniors,7.5,4.25,1.35,Argentina
Futbol,Interwetten,Estudiantes,Colon Santa Fe,2.9,2.85,2.4,Argentina
Futbol,Interwetten,Arsenal de Sarandi,San Lorenzo,4.35,3.35,1.7,Argentina
Futbol,Interwetten,Velez Sarsfield,CA Talleres,3.8,3.1,1.9,Argentina
Futbol,Interwetten,Racing Club,Banfield,3.65,3.15,1.95,Argentina
Futbol,Interwetten,River Plate,San Martin de San Juan,2.15,3.0,3.25,Argentina
Futbol,Interwetten,Santos,Botafogo RJ,3.0,3.1,2.35,Brazil
Futbol,Interwetten,Atletico Mineiro MG,Avai,2.15,3.2,3.25,Brazil
Futbol,Interwetten,Vasco da Gama,Corinthians,6.5,3.7,1.55,Brazil
Futbol,Interwetten,Sport Recife,Flamengo,7.5,4.2,1.4,Brazil
Futbol,Interwetten,Bahia Salvador BA,Cruzeiro,6.5,3.7,1.55,Brazil
Futbol,Interwetten,Atletico Goianiense,Ponte Preta,6.0,3.8,1.55,Brazil
Futbol,Interwetten,Chapecoense SC,Gremio,7.25,4.05,1.45,Brazil
Futbol,Interwetten,Sao Paulo SP,CD Vitoria,2.65,3.2,2.55,Brazil
Futbol,Interwetten,Fluminense,Atletico Paranaense,3.75,3.3,1.95,Brazil
Futbol,Interwetten,Coritiba,Palmeiras,7.5,4.5,1.4,Brazil
Futbol,Interwetten,Luverdense MT,Vila Nova,4.6,3.25,1.7,Brazil
Futbol,Interwetten,CRB AL,Desportivo Brasil SP,3.5,3.1,2.0,Brazil
Futbol,Interwetten,Figueirense,Internacional RS,10.25,4.65,1.25,Brazil
Futbol,Interwetten,CF America,Ceara,2.95,2.9,2.35,Brazil
Futbol,Interwetten,Nautico PE,Oeste SP,4.35,3.1,1.8,Brazil
Futbol,Interwetten,ABC RN,Paysandu,5.5,3.4,1.55,Brazil
Futbol,Interwetten,Londrina PR,CA Patronato,3.75,3.1,1.9,Brazil
Futbol,Interwetten,Tigres,Monarcas Morelia,2.0,3.15,3.4,Mexico
Futbol,Interwetten,Santos Laguna,Cruz Azul,3.8,3.3,1.85,Mexico
Futbol,Interwetten,Pachuca,Club Leon,2.95,3.1,2.25,Mexico
Futbol,Interwetten,U.N.A.M Pumas,Chivas Guadalajara,4.95,3.4,1.6,Mexico
Futbol,Interwetten,Lobos B.U.A.P.,Tiburones Rojos,3.3,3.4,1.95,Mexico
Futbol,Interwetten,CF America,Club Tijuana,2.75,3.05,2.4,Mexico
Futbol,Interwetten,Atlas,Monterrey,8.25,4.15,1.35,Mexico
Futbol,Interwetten,Puebla,Necaxa,3.6,3.55,1.85,Mexico
Futbol,Interwetten,Gallos Blancos,Toluca,4.0,3.25,1.8,Mexico
Futbol,Interwetten,CD Vida,CD Motagua,7.25,4.2,1.35,Honduras
Futbol,Interwetten,Municipal Perez Zeledon,CS Herediano,5.25,4.0,1.5,Costa Rica
Futbol,Interwetten,Guadelupe FC,Deportivo Saprissa,7.75,5.0,1.3,Costa Rica
Futbol,Interwetten,LD Alajuelense,CS Cartagines,2.5,3.2,2.5,Costa Rica
Futbol,Interwetten,AD Santos De Guapiles,Universidad de Costa Rica,2.45,3.2,2.6,Costa Rica
Futbol,Interwetten,AD Carmelita,Limon FC,4.55,3.6,1.65,Costa Rica
Futbol,Interwetten,D. Anzoategui,Estudiantes De Merida,2.7,3.2,2.35,Venezuela
Futbol,Interwetten,Portuguesa FC,Caracas FC,5.5,3.75,1.5,Venezuela
Futbol,Interwetten,Carabobo,Deportivo Lara,3.0,3.05,2.25,Venezuela
Futbol,Interwetten,Atletico Socopo,Metropolitanos FC,3.75,3.4,1.8,Venezuela
Futbol,Interwetten,Atletico Venezuela,Monagas SC,4.05,3.5,1.75,Venezuela
Futbol,Interwetten,Deportivo La Guaira,Zamora FC,2.55,3.2,2.5,Venezuela
Futbol,Interwetten,Gamba Osaka,Omiya Ardija,2.1,3.3,3.25,Japan
Futbol,Interwetten,Kawasaki Frontale,Shimizu S-Pulse,1.8,3.55,3.85,Japan
Futbol,Interwetten,Consadole Sapporo,Vissel Kobe,4.05,3.45,1.8,Japan
Futbol,Interwetten,Vegalta Sendai,FC Tokyo,3.6,3.3,1.95,Japan
Futbol,Interwetten,Urawa Red Diamonds,Iwata Jubilo,2.1,3.45,3.1,Japan
Futbol,Interwetten,Kashima Antlers,Niigata Albirex,1.7,3.6,4.5,Japan
Futbol,Interwetten,Cerezo Osaka,Sanfrecce Hiroshima,2.25,3.3,2.9,Japan
Futbol,Interwetten,Kofu,Sagan Tosu,3.7,2.95,2.05,Japan
Futbol,Interwetten,Kashiwa Reysol,Yokohama Marinos,2.5,3.1,2.75,Japan
Futbol,Interwetten,The Spa Kusatsu,Matsumoto Yamaga FC,6.25,4.05,1.4,Japan
Futbol,Interwetten,Montedio Yamagata,FC Machida Zelvia,2.9,2.9,2.3,Japan
Futbol,Interwetten,Mito Hollyhock,Jef United,3.75,3.15,1.85,Japan
Futbol,Interwetten,V-Varen Nagasaki,Oita Trinita,2.8,2.85,2.35,Japan
Futbol,Interwetten,Nagoya Grampus Eight,Zwiegen Kanazawa,1.85,3.35,3.5,Japan
Futbol,Interwetten,Avispa Fukuoka,Roasso Kumamoto,1.65,3.2,4.8,Japan
Futbol,Interwetten,Fagiano Okayama,Tokushima Vortis,3.6,3.1,1.9,Japan
Futbol,Interwetten,Tokyo Verdy,Yokohama Marinos,2.75,2.95,2.3,Japan
Futbol,Interwetten,FC Gifu,Renofa Yamaguchi,2.45,3.05,2.5,Japan
Futbol,Interwetten,Kamatamare Sanuki,Shonan Bellmare,4.95,3.5,1.55,Japan
Futbol,Interwetten,Kyoto,Ehime FC,2.45,2.9,2.65,Japan
Futbol,Interwetten,NA Hussein Dey,MC Oran,5.25,3.35,1.55,Algeria
Futbol,Interwetten,Paradou AC,JS Kabylie,4.6,3.2,1.65,Algeria
Futbol,Interwetten,USM Blida,JS Saoura,7.75,4.05,1.35,Algeria
Futbol,Interwetten,Persija Jakarta,Bali United Pusam,4.55,3.4,1.65,Indonesia
Futbol,Interwetten,Maccabi Netanya,Slavia Prague,3.5,3.4,2.1,UEFA Europe League
Futbol,Interwetten,Skenderbeu Korce,Dynamo Kiev,18.0,7.5,1.15,UEFA Europe League
Futbol,Interwetten,Sporting Braga,Hoffenheim,7.5,4.8,1.4,UEFA Europe League
Futbol,Interwetten,AEK Athen,Rijeka,3.25,3.2,2.3,UEFA Europe League
Futbol,Interwetten,Everton,Atalanta Bergamasca Calcio,2.95,3.3,2.4,UEFA Europe League
Futbol,Interwetten,FC Lokomotiv Moscow,FC Copenhagen,2.95,3.3,2.4,UEFA Europe League
Futbol,Interwetten,Viktoria Plzen,Steaua Bucharest,3.3,3.35,2.2,UEFA Europe League
Futbol,Interwetten,FC Cologne,Arsenal,7.5,5.5,1.35,UEFA Europe League
Futbol,Interwetten,Konyaspor,Marseille,7.5,4.8,1.4,UEFA Europe League
Futbol,Interwetten,Athletic de Bilbao,Hertha BSC,2.65,3.3,2.65,UEFA Europe League
Futbol,Interwetten,Olympique Gymnaste Club de Nice,Zulte Waregem,2.1,3.4,3.5,UEFA Europe League
Futbol,Interwetten,Zenit St Petersburg,Skopje,1.45,4.4,7.2,UEFA Europe League
Futbol,Interwetten,FC Astana,Villarreal,15.0,6.5,1.2,UEFA Europe League
Futbol,Interwetten,Partizan Belgrade,Young Boys Bern,4.0,3.6,1.9,UEFA Europe League
Futbol,Interwetten,Ludogorets Razgrad,Istanbul Basaksehir,5.5,4.0,1.6,UEFA Europe League
Futbol,Interwetten,AC Milan,Austria Vienna,1.45,4.4,7.2,UEFA Europe League
Futbol,Interwetten,Lyon,Apollon Limassol LFC,1.6,3.9,5.7,UEFA Europe League
Futbol,Interwetten,FC Sheriff Tiraspol,Zlin,3.8,3.4,2.0,UEFA Europe League
Futbol,Interwetten,BATE Borisov,Red Star Belgrade,5.0,3.7,1.7,UEFA Europe League
Futbol,Interwetten,Lugano,Hapoel Beer Sheva,5.3,3.8,1.65,UEFA Europe League
Futbol,Interwetten,RB Salzburg,Vitoria Guimaraes,2.3,3.3,3.15,UEFA Europe League
Futbol,Interwetten,Oestersund,Zorya Lugansk,4.0,3.6,1.9,UEFA Europe League
Futbol,Interwetten,Lazio,Vitesse Arnheim,2.0,3.4,3.8,UEFA Europe League
Futbol,Interwetten,Rosenborg,R. Sociedad,9.5,5.5,1.3,UEFA Europe League
Futbol,Betfair,Hungary,Scotland,5.0,3.9,1.55,Undefined
Futbol,Betfair,Ruch Chorzow,GKS Tychy 71,2.9,3.3,2.2,Undefined
Futbol,Betfair,Atalanta Bergamasca Calcio,Everton,2.4,3.3,3.0,Undefined
Futbol,Betfair,Villarreal,FC Astana,1.22,6.0,13.0,Undefined
Futbol,Betfair,Rijeka,AEK Athen,2.3,3.1,3.4,Undefined
Futbol,Betfair,Istanbul Basaksehir,Ludogorets Razgrad,1.57,4.0,6.0,Undefined
Futbol,Betfair,Dynamo Kiev,Skenderbeu Korce,1.13,8.0,23.0,Undefined
Futbol,Betfair,Apollon Limassol LFC,Lyon,5.5,4.0,1.61,Undefined
Futbol,Betfair,Zlin,FC Sheriff Tiraspol,2.25,3.25,3.4,Undefined
Futbol,Betfair,Hoffenheim,Sporting Braga,1.3,5.5,10.0,Undefined
Futbol,Betfair,Young Boys Bern,Partizan Belgrade,1.85,3.75,4.33,Undefined
Futbol,Betfair,Fjlnir Reykjavik,IA Akranes,1.57,4.0,5.0,Undefined
Futbol,Betfair,Ka Akureyri,Valur,3.4,3.5,1.95,Undefined
Futbol,Betfair,Vikingur Reykjavik,Hafnarfjordur,3.3,3.3,2.05,Undefined
Futbol,Betfair,Breidablik,Vikingur Reykjavik,2.87,3.3,2.3,Undefined
Futbol,Betfair,Vestmannaeyjar,Grindavik Umf,1.9,3.6,3.6,Undefined
Futbol,Betfair,Zorya Lugansk,Ostersunds FK,2.0,3.4,4.0,Undefined
Futbol,Betfair,Steaua Bucharest,Viktoria Plzen,2.05,3.4,3.75,Undefined
Futbol,Betfair,Skopje,Zenit St Petersburg,7.0,4.2,1.5,Undefined
Futbol,Betfair,Arsenal,Plaza Colonia,1.36,5.0,8.0,Undefined
Futbol,Betfair,Hapoel Beer Sheva,Lugano,1.57,4.2,5.5,Undefined
Futbol,Betfair,Red Star Belgrade,BATE Borisov,1.66,3.75,5.5,Undefined
Futbol,Betfair,Marseille,Konyaspor,1.33,5.0,10.0,Undefined
Futbol,Betfair,Zulte Waregem,Olympique Gymnaste Club de Nice,3.0,3.4,2.4,Undefined
Futbol,Betfair,R. Sociedad,Rosenborg,1.25,5.5,12.0,Undefined
Futbol,Betfair,Stjarnan,Vikingur Olafsvk,1.18,6.0,12.0,Undefined
Futbol,Betfair,Fluminense,LDU Quito,1.44,4.33,7.5,Undefined
Futbol,Betfair,Iberia,Santiago W.,3.3,3.3,2.0,Undefined
Futbol,Betfair,Jorge Wilstermann,River Plate,3.0,3.0,2.45,Undefined
Futbol,Betfair,Colon Santa Fe,Libertad,1.7,3.4,5.0,Undefined
Futbol,Betfair,Hifk,Jyvaskyla,1.66,3.75,4.8,Undefined
Futbol,Betfair,Nups,TPV Tampere,4.2,4.5,1.61,Undefined
Futbol,Betfair,Silkeborg,Odense Q,2.87,3.3,2.5,Undefined
Futbol,Betfair,Arka Gdynia,Zaglebie Lubin,2.75,3.1,2.6,Undefined
Futbol,Betfair,Union Berlin,Braunschweig,2.0,3.4,3.6,Undefined
Futbol,Betfair,WSG Wattens,FC Liefering,3.3,3.25,2.2,Undefined
Futbol,Betfair,Austria Vienna,Hartberg,9.5,4.33,1.36,Undefined
Futbol,Betfair,Arsenal Tula,Dinamo Moscow,2.7,3.0,2.7,Undefined
Futbol,Betfair,Kalmar,Norrkoping,2.4,3.4,3.0,Undefined
Futbol,Betfair,Odense Q,Elfsborg,1.85,3.8,4.0,Undefined
Futbol,Betfair,Levski Sofia,FK Septemvri Sofia,1.25,6.0,10.0,Undefined
Futbol,Betfair,Kayserispor,Antalyaspor,2.4,3.4,2.87,Undefined
Futbol,Betfair,Venezia,Spezia,2.1,3.0,3.8,Undefined
Futbol,Betfair,CS Municipal Studentesc Iasi,CS Voluntari,2.3,3.1,3.25,Undefined
Futbol,Betfair,US Orleans,Niort,1.95,3.3,4.0,Undefined
Futbol,Betfair,Paris SG,Tours,2.0,3.1,4.0,Undefined
Futbol,Betfair,Valenciennes,Lens,2.8,3.2,2.5,Undefined
Futbol,Betfair,Brest,Le Havre,2.5,3.0,2.9,Undefined
Futbol,Betfair,Lorient,Ajaccio,1.61,3.75,5.5,Undefined
Futbol,Betfair,US Quevilly Rouen,Nancy,4.0,3.3,1.95,Undefined
Futbol,Betfair,Nimes,Auxerre,1.9,3.4,4.2,Undefined
Futbol,Betfair,Sparta Rotterdam,AZ Alkmaar,3.4,3.6,2.0,Undefined
Futbol,Betfair,Randers,Lyngby,2.2,3.3,3.5,Undefined
Futbol,Betfair,Hannover 96,Hamburger SV,2.2,3.3,3.5,Undefined
Futbol,Marathonbet,Hoffenheim,Sporting Braga,1.31,6.0,11.0,UEFA Europe League
Futbol,Marathonbet,Atalanta Bergamasca Calcio,Everton,2.41,3.35,3.26,UEFA Europe League
Futbol,Marathonbet,Dynamo Kiev,Skenderbeu Korce,1.15,9.1,23.0,UEFA Europe League
Futbol,Marathonbet,Istanbul Basaksehir,Ludogorets Razgrad,1.59,4.3,6.3,UEFA Europe League
Futbol,Marathonbet,Slavia Prague,Maccabi Netanya,2.1,3.36,4.05,UEFA Europe League
Futbol,Marathonbet,Young Boys Bern,Partizan Belgrade,1.86,3.8,4.55,UEFA Europe League
Futbol,Marathonbet,Arsenal,FC Koln,1.38,5.5,8.8,UEFA Europe League
Futbol,Marathonbet,Hapoel Beer Sheva,Lugano,1.63,4.15,6.0,UEFA Europe League
Futbol,Marathonbet,Marseille,Konyaspor,1.34,5.4,11.5,UEFA Europe League
Futbol,Marathonbet,Steaua Bucharest,Viktoria Plzen,2.1,3.42,3.96,UEFA Europe League
Futbol,Marathonbet,Vitesse Arnheim,Lazio,4.65,3.95,1.81,UEFA Europe League
Futbol,Marathonbet,Zorya Lugansk,Ostersunds FK,2.13,3.4,3.9,UEFA Europe League
Futbol,Marathonbet,Apollon Limassol LFC,Lyon,6.0,4.25,1.62,UEFA Europe League
Futbol,Marathonbet,Austria Vienna,AC Milan,8.0,4.95,1.44,UEFA Europe League
Futbol,Marathonbet,FC Copenhagen,FC Lokomotiv Moscow,2.43,3.25,3.32,UEFA Europe League
Futbol,Marathonbet,Rijeka,AEK Athen,2.43,3.1,3.5,UEFA Europe League
Futbol,Marathonbet,Villarreal,FC Astana,1.22,7.0,17.0,UEFA Europe League
Futbol,Marathonbet,Zlin,FC Sheriff Tiraspol,2.38,3.26,3.4,UEFA Europe League
Futbol,Marathonbet,Red Star Belgrade,BATE Borisov,1.64,3.96,6.3,UEFA Europe League
Futbol,Marathonbet,Hertha BSC,Athletic de Bilbao,2.85,3.3,2.73,UEFA Europe League
Futbol,Marathonbet,CD Real Sociedad,Rosenborg,1.27,6.4,13.0,UEFA Europe League
Futbol,Marathonbet,Skopje,Zenit St Petersburg,6.9,4.45,1.54,UEFA Europe League
Futbol,Marathonbet,Vitoria Guimaraes,RB Salzburg,4.25,3.68,1.95,UEFA Europe League
Futbol,Marathonbet,Zulte Waregem,Olympique Gymnaste Club de Nice,3.16,3.5,2.39,UEFA Europe League
Futbol,Marathonbet,Atletico San Luis,U. de Chile,2.88,3.56,2.49,Chile
Futbol,Marathonbet,Iberia,Santiago W.,3.54,3.38,2.21,Chile
Futbol,Marathonbet,Ind. Medellin,Deportivo Cali,1.9,3.24,4.85,Colombia
Futbol,Marathonbet,CD Motagua,CD Vida,1.4,4.55,7.7,Honduras
Futbol,Marathonbet,Breidablik,Vikingur Reykjavik,2.97,3.52,2.47,Iceland
Futbol,Marathonbet,Ka Akureyri,Valur,3.68,3.7,2.07,Iceland
Futbol,Marathonbet,Vikingur Reykjavik,Hafnarfjordur,3.4,3.55,2.22,Iceland
Futbol,Marathonbet,Fjlnir Reykjavik,IA Akranes,1.67,4.35,5.1,Iceland
Futbol,Marathonbet,Vestmannaeyjar,Grindavik Umf,1.97,3.88,3.84,Iceland
Futbol,Marathonbet,Stjarnan,Vikingur Olafsvk,1.26,6.5,13.0,Iceland
Futbol,William Hill,FC Fastav Zlin,FC Sheriff Tiraspol,2.25,3.1,3.4,UEFA Europe League
Futbol,William Hill,Apollon Limassol LFC,Lyon,5.5,3.8,1.61,UEFA Europe League
Futbol,William Hill,Atalanta Bergamasca Calcio,Everton,2.37,3.2,3.1,UEFA Europe League
Futbol,William Hill,Rijeka,AEK Athen,2.3,3.0,3.4,UEFA Europe League
Futbol,William Hill,Istanbul Basaksehir,Ludogorets Razgrad,1.57,3.8,6.0,UEFA Europe League
Futbol,William Hill,Hoffenheim,Sporting Braga,1.3,5.5,9.0,UEFA Europe League
Futbol,William Hill,Young Boys Bern,Partizan Belgrade,1.83,3.5,4.33,UEFA Europe League
Futbol,William Hill,Villarreal,FC Astana,1.22,6.0,13.0,UEFA Europe League
Futbol,William Hill,CD Real Sociedad,Rosenborg,1.25,5.5,12.0,UEFA Europe League
Futbol,William Hill,Skopje,Zenit St Petersburg,6.0,4.2,1.53,UEFA Europe League
Futbol,William Hill,Vitesse Arnheim,Lazio,3.8,3.6,1.91,UEFA Europe League
Futbol,William Hill,Zulte Waregem,Olympique Gymnaste Club de Nice,3.0,3.4,2.3,UEFA Europe League
Futbol,William Hill,Arsenal,Plaza Colonia,1.4,4.5,8.0,UEFA Europe League
Futbol,William Hill,Marseille,Konyaspor,1.33,4.8,9.5,UEFA Europe League
Futbol,William Hill,Steaua Bucharest,Viktoria Plzen,2.1,3.4,3.4,UEFA Europe League
Futbol,William Hill,Hapoel Beer Sheva,Lugano,1.53,4.0,6.5,UEFA Europe League
Futbol,William Hill,Pau,Grenoble,2.6,2.8,2.87,France
Futbol,William Hill,Breidablik,Vikingur Reykjavik,2.75,3.3,2.3,Iceland
Futbol,William Hill,Fjlnir Reykjavik,IA Akranes,1.6,4.0,4.5,Iceland
Futbol,William Hill,Vikingur Reykjavik,Hafnarfjordur,3.1,3.3,2.1,Iceland
Futbol,William Hill,Vestmannaeyjar,Grindavik Umf,1.85,3.6,3.6,Iceland
Futbol,William Hill,Ka Akureyri,Valur,3.25,3.4,2.0,Iceland
Futbol,William Hill,Stjarnan,Vikingur Olafsvk,1.2,6.0,10.0,Iceland
Futbol,William Hill,FC Haka Valkeakoski,Inter Turku,3.4,3.4,2.0,Finland
Futbol,Sportium,Altach,Rapid Vienna,3.1,3.25,2.15,Germany
Futbol,Sportium,Wolfsberger AC,FC Blau Weiss Linz,2.65,3.0,2.65,Germany
Futbol,Sportium,Admira Wacker,Sturm Graz,2.8,3.25,2.35,Germany
Futbol,Sportium,Mattersburg,RB Salzburg,5.75,3.8,1.57,Germany
Futbol,Sportium,FC Blau Weiss Linz,SC Wiener Neustadt,2.62,3.2,2.5,Austria
Futbol,Sportium,Oostende,Gent,2.65,3.3,2.45,Spain
Futbol,Sportium,Kortrijk,Anderlecht,4.33,3.7,1.72,Spain
Futbol,Sportium,Lokeren,FC Antwerpen,2.15,3.2,3.2,Spain
Futbol,Sportium,Eupen,Standard Liege,3.1,3.5,2.1,Spain
Futbol,Sportium,Ceara,CF America,2.35,2.9,3.0,Brazil
Futbol,Sportium,Oeste SP,Nautico PE,1.83,3.1,4.4,Brazil
Futbol,Sportium,Internacional RS,Figueirense,1.25,4.8,11.0,Brazil
Futbol,Sportium,Vila Nova,Luverdense MT,1.72,3.25,4.75,Brazil
Futbol,Sportium,Paysandu,ABC RN,1.57,3.4,6.0,Brazil
Futbol,Sportium,Teplice,Bohemians 1905,1.72,3.25,5.0,Czech
Futbol,Sportium,MFK Karvina,SK Sigma Olomouc,2.4,3.1,2.87,Czech
Futbol,Sportium,Slovacko,Boleslav,2.87,3.1,2.4,Czech
Futbol,Sportium,Jablonec,Jihlava,1.44,4.0,7.0,Czech
Futbol,Sportium,Arka Gdynia,Zaglebie Lubin,2.7,3.0,2.5,Poland
Futbol,Sportium,Gornik Zabrze,WKS Slask Wroclaw,2.15,3.2,3.0,Poland
Futbol,Sportium,Sandecja Nowy Sacz,Termalica Bruk Bet Nieciecza,2.62,3.0,2.6,Poland
Futbol,Sportium,Ruch Chorzow,GKS Tychy 71,2.87,3.25,2.11,Poland
Futbol,Sportium,Arsenal Tula,Dinamo Moscow,2.65,2.9,2.75,Russia
Futbol,Sportium,CSKA Moscow,FK Rostov,1.66,3.3,5.5,Russia
Futbol,Sportium,Silkeborg,Odense Q,2.7,3.1,2.45,Denmark
Futbol,Sportium,Randers,Lyngby,2.1,3.0,3.3,Denmark
Futbol,Sportium,FC Midtjylland,Hobro IK,1.5,4.0,5.25,Denmark
Futbol,Sportium,FC Helsingor,FC Copenhagen,7.5,4.2,1.4,Denmark
Futbol,Sportium,Brondby IF,Aalborg,1.44,4.0,6.0,Denmark
Futbol,Sportium,Nordsjaelland,AGF Aarhus,2.1,3.4,3.1,Denmark
Futbol,Sportium,Skive,Vendsyssel FF,4.0,3.6,1.8,Denmark
Futbol,Sportium,Brabrand,Esbjerg,4.5,3.75,1.66,Denmark
Futbol,Sportium,Lolland,Thisted FC,2.11,3.5,3.0,Denmark
Futbol,Sportium,Vejle,Fredericia,2.05,3.4,3.3,Denmark
Futbol,Sportium,Roskilde,FC Amager,1.9,3.4,3.7,Denmark
Futbol,Sportium,Bournemouth,Brighton,2.15,3.2,3.4,England
Futbol,Sportium,Crystal Palace,Southampton,3.0,3.1,2.45,England
Futbol,Sportium,Huddersfield Town,Leicester City,3.2,3.2,2.3,England
Futbol,Sportium,Liverpool,Burnley,1.28,5.5,12.0,England
Futbol,Sportium,Newcastle United,Stoke City,2.35,3.1,3.1,England
Futbol,Sportium,Watford,Manchester City,8.5,5.0,1.33,England
Futbol,Sportium,West Bromwich,West Ham,2.35,3.1,3.2,England
Futbol,Sportium,Tottenham Hotspur,Swansea,1.22,6.0,15.0,England
Futbol,Sportium,Chelsea,Arsenal,1.8,3.8,4.2,England
Futbol,Sportium,Manchester United,Everton,1.4,4.5,8.5,England
Futbol,Sportium,West Ham,Tottenham Hotspur,5.5,4.0,1.6,England
Futbol,Sportium,Southampton,Manchester United,4.2,3.5,1.87,England
Futbol,Sportium,Manchester City,Crystal Palace,1.16,7.0,19.0,England
Futbol,Sportium,Burnley,Huddersfield Town,2.25,3.0,3.5,England
Futbol,Sportium,Everton,Bournemouth,1.61,3.9,5.25,England
Futbol,Sportium,Stoke City,Chelsea,5.25,3.75,1.66,England
Futbol,Sportium,Swansea,Watford,2.3,3.2,3.2,England
Futbol,Sportium,Leicester City,Liverpool,3.7,3.5,1.95,England
Futbol,Sportium,Brighton,Newcastle United,2.55,3.0,2.9,England
Futbol,Sportium,Arsenal,West Bromwich,1.33,5.2,9.5,England
Futbol,Sportium,Hull City,Sunderland,2.1,3.4,3.5,England
Futbol,Sportium,Millwall,Leeds United,2.8,3.1,2.6,England
Futbol,Sportium,Middlesbrough,Queens Park,1.72,3.5,5.0,England
Futbol,Sportium,Birmingham City,Preston North End,2.5,3.1,2.87,England
Futbol,Sportium,Sheffield United,Norwich,2.4,3.4,2.8,England
Futbol,Sportium,Burton Albion FC,Fulham,3.9,3.6,1.87,England
Futbol,Sportium,Ipswich,Bolton,2.0,3.4,3.75,England
Futbol,Sportium,Bristol City,Derby County,2.4,3.25,2.9,England
Futbol,Sportium,Brentford,Reading,2.05,3.6,3.4,England
Futbol,Sportium,Barnsley,Aston Villa FC,3.4,3.4,2.1,England
Futbol,Sportium,Bury,Plymouth Argyle,2.45,3.3,2.87,England
Futbol,Sportium,Oldham,Shrewsbury Town,2.87,3.0,2.55,England
Futbol,Sportium,Milton Keynes Dons,Rochdale,2.1,3.3,3.4,England
Futbol,Sportium,Wigan,Bristol Rovers,1.75,3.6,4.6,England
Futbol,Sportium,Southend,Northampton,2.0,3.4,3.7,England
Futbol,Sportium,Bradford City,Rotherham,2.2,3.3,3.25,England
Futbol,Sportium,Walsall,Peterborough,2.7,3.4,2.5,England
Futbol,Sportium,Gillingham,Charlton Athletic,3.75,3.5,1.95,England
Futbol,Sportium,Blackburn Rovers,AFC Wimbledon,1.61,3.7,5.5,England
Futbol,Sportium,Blackpool,Oxford United,2.62,3.2,2.7,England
Futbol,Sportium,Portsmouth,Fleetwood Town,2.0,3.2,3.9,England
Futbol,Sportium,Doncaster,Scunthorpe United,2.35,3.3,3.0,England
Futbol,Sportium,FC Haka Valkeakoski,Inter Turku,3.5,3.4,2.0,Finland
Futbol,Sportium,Eif,OPS-jp,1.72,3.7,4.0,Finland
Futbol,Sportium,KPV Kokkola,IF Gnistan,1.33,4.5,8.5,Finland
Futbol,Sportium,Jaro FF,FC Honka,3.6,3.4,1.9,Finland
Futbol,Sportium,Fiorentina,Bologna,1.53,4.2,5.75,Italy
Futbol,Sportium,Roma,Hellas Verona,1.2,6.5,15.0,Italy
Futbol,Sportium,Sassuolo,Juventus,7.0,4.0,1.5,Italy
Futbol,Sportium,AC Milan,Udinese,1.4,4.4,8.0,Italy
Futbol,Sportium,Torino,Sampdoria,1.7,3.9,4.5,Italy
Futbol,Sportium,Chievo,Atalanta Bergamasca Calcio,2.75,3.1,2.62,Italy
Futbol,Sportium,Spal 2013,Cagliari,2.4,3.25,2.9,Italy
Futbol,Sportium,Napoli,Benevento Calcio,1.12,9.0,26.0,Italy
Futbol,Sportium,Venezia,Spezia,2.1,2.9,3.6,Italy
Futbol,Sportium,Cesena,Avellino,2.1,3.0,3.5,Italy
Futbol,Sportium,Foggia,Palermo,2.55,3.3,2.55,Italy
Futbol,Sportium,Virtus Entella,Ternana Calcio,2.05,3.1,3.6,Italy
Futbol,Sportium,Frosinone,Bari,2.05,3.2,3.6,Italy
Futbol,Sportium,Empoli,Ascoli,1.57,3.6,6.0,Italy
Futbol,Sportium,Novara,Cittadella,2.1,3.1,3.4,Italy
Futbol,Sportium,Cremonese,Carpi,1.95,3.1,4.0,Italy
Futbol,Sportium,Brescia,Pro Vercelli,1.95,3.1,4.0,Italy
Futbol,Sportium,Monaco,Strasbourg,1.22,6.5,13.0,France
Futbol,Sportium,Nantes,Caen,2.05,3.1,3.9,France
Futbol,Sportium,Guingamp,Lille,2.2,3.25,3.3,France
Futbol,Sportium,SC Amiens,Marseille,3.7,3.3,2.05,France
Futbol,Sportium,Dijon,St. Etienne,3.1,3.1,2.37,France
Futbol,Sportium,Troyes,Montpellier,2.65,3.1,2.7,France
Futbol,Sportium,Rennes,Olympique Gymnaste Club de Nice,2.3,3.2,3.2,France
Futbol,Sportium,Angers,Metz,1.5,4.0,6.5,France
Futbol,Sportium,Paris SG,Lyon,1.16,8.0,17.0,France
Futbol,Sportium,Nimes,Auxerre,1.87,3.1,4.2,France
Futbol,Sportium,US Quevilly Rouen,Nancy,3.6,3.2,2.05,France
Futbol,Sportium,Lorient,Ajaccio,1.6,3.6,5.5,France
Futbol,Sportium,Valenciennes,Lens,2.75,3.1,2.45,France
Futbol,Sportium,Brest,Le Havre,2.4,3.1,2.87,France
Futbol,Sportium,US Orleans,Niort,1.95,3.2,3.9,France
Futbol,Sportium,Paris SG,Tours,2.1,3.0,3.7,France
Futbol,Sportium,Sochaux,Stade de Reims,2.6,3.0,2.75,France
Futbol,Sportium,Niigata Albirex,Kashima Antlers,4.5,3.5,1.7,Champions League
Futbol,Sportium,Omiya Ardija,Gamba Osaka,3.1,3.25,2.1,Champions League
Futbol,Sportium,Shimizu S-Pulse,Kawasaki Frontale,3.8,3.5,1.8,Champions League
Futbol,Sportium,Sanfrecce Hiroshima,Cerezo Osaka,2.9,3.2,2.2,Champions League
Futbol,Sportium,Vissel Kobe,Consadole Sapporo,1.8,3.4,4.0,Champions League
Futbol,Sportium,FC Tokyo,Vegalta Sendai,1.95,3.25,3.5,Champions League
Futbol,Sportium,Yokohama Marinos,Kashiwa Reysol,2.7,3.0,2.45,Champions League
Futbol,Sportium,Iwata Jubilo,Urawa Red Diamonds,3.1,3.4,2.05,Champions League
Futbol,Sportium,Tokushima Vortis,Fagiano Okayama,1.9,3.1,3.7,Champions League
Futbol,Sportium,Yokohama Marinos,Tokyo Verdy,2.4,2.9,2.8,Champions League
Futbol,Sportium,FC Machida Zelvia,Montedio Yamagata,2.35,2.87,2.9,Champions League
Futbol,Sportium,Renofa Yamaguchi,FC Gifu,2.5,3.2,2.5,Champions League
Futbol,Sportium,Oita Trinita,V-Varen Nagasaki,2.4,2.87,2.8,Champions League
Futbol,Sportium,Shonan Bellmare,Kamatamare Sanuki,1.57,3.5,5.0,Champions League
Futbol,Sportium,Roasso Kumamoto,Avispa Fukuoka,5.0,3.2,1.66,Champions League
Futbol,Sportium,Zwiegen Kanazawa,Nagoya Grampus Eight,3.4,3.4,1.9,Champions League
Futbol,Sportium,Istanbul Basaksehir,Ludogorets Razgrad,1.6,3.8,5.8,UEFA Europe League
Futbol,Sportium,Rijeka,AEK Athen,2.35,2.9,3.4,UEFA Europe League
Futbol,Sportium,Hoffenheim,Sporting Braga,1.3,5.25,11.0,UEFA Europe League
Futbol,Sportium,Villarreal,FC Astana,1.22,6.0,13.0,UEFA Europe League
Futbol,Sportium,Dynamo Kiev,Skenderbeu Korce,1.14,8.0,23.0,UEFA Europe League
Futbol,Sportium,Apollon Limassol LFC,Lyon,5.5,4.0,1.66,UEFA Europe League
Futbol,Sportium,Young Boys Bern,Partizan Belgrade,1.83,3.6,4.25,UEFA Europe League
Futbol,Sportium,Atalanta Bergamasca Calcio,Everton,2.37,3.2,3.25,UEFA Europe League
Futbol,Sportium,Marseille,Konyaspor,1.33,4.8,11.0,UEFA Europe League
Futbol,Sportium,Steaua Bucharest,Viktoria Plzen,2.05,3.25,3.8,UEFA Europe League
Futbol,Sportium,Vitesse Arnheim,Lazio,4.33,3.75,1.85,UEFA Europe League
Futbol,Sportium,Hapoel Beer Sheva,Lugano,1.6,3.8,5.75,UEFA Europe League
Futbol,Sportium,Zulte Waregem,Olympique Gymnaste Club de Nice,2.87,3.3,2.37,UEFA Europe League
Futbol,Sportium,CD Real Sociedad,Rosenborg,1.25,5.5,12.0,UEFA Europe League
Futbol,Sportium,Vitoria Guimaraes,RB Salzburg,4.0,3.4,1.9,UEFA Europe League
Futbol,Sportium,Skopje,Zenit St Petersburg,6.5,4.0,1.53,UEFA Europe League
Futbol,Sportium,Hertha BSC,Athletic de Bilbao,2.8,3.1,2.6,UEFA Europe League
Futbol,Sportium,Arsenal,Plaza Colonia,1.4,5.0,8.5,UEFA Europe League
Futbol,Sportium,Haecken,Elfsborg,1.8,3.6,3.75,Sweden
Futbol,Sportium,Kalmar,Norrkoping,2.25,3.25,2.8,Sweden
Futbol,Sportium,Gais Gteborg,Jonkopings Sodra IF,1.66,3.6,4.75,Sweden
Futbol,Sportium,Djurgarden,Orebro SK,1.36,4.6,7.0,Sweden
Futbol,Sportium,IK Sirius,Ostersunds FK,2.35,3.2,2.75,Sweden
Futbol,Sportium,Malmo FF,Hammarby,1.4,4.33,7.0,Sweden
Futbol,Sportium,,Syrianska FC,2.2,3.5,2.9,Sweden
Futbol,Sportium,Gefle,Dalkurd FF,3.5,3.5,1.9,Sweden
Futbol,Sportium,Falkenberg,Orgryte,1.83,3.6,3.8,Sweden
Futbol,Sportium,Norrby IF,Brommapojkarna,5.0,4.0,1.57,Sweden
Futbol,Sportium,Helsingborgs IF,Varbergs Bois FC,1.8,3.6,4.0,Sweden
Futbol,Sportium,Gais Gteborg,IK Frej,2.0,3.3,3.5,Sweden
Futbol,Sportium,Pacos Ferreira,Vitoria Setubal,2.2,3.0,3.4,Portugal
Futbol,Sportium,Maritimo Funchal,Aves,2.15,3.0,3.5,Portugal
Futbol,Sportium,Boavista Porto,Benfica Lissabon,7.0,4.0,1.44,Portugal
Futbol,Sportium,Sporting Lissabon,CD Tondela,1.15,7.0,19.0,Portugal
Futbol,Sportium,Sporting Braga,Vitoria Guimaraes,1.95,3.25,3.6,Portugal
Futbol,Sportium,Belenenses,Estoril,2.25,3.0,3.2,Portugal
Futbol,Sportium,Portimonense,Feirense,2.2,3.0,3.25,Portugal
Futbol,Sportium,Desportivo Chaves,Moreirense,2.1,3.0,3.5,Portugal
Futbol,Sportium,Sparta Rotterdam,AZ Alkmaar,3.4,3.5,1.95,Holland
Futbol,Sportium,Excelsior,Heerenveen,3.1,3.4,2.1,Holland
Futbol,Sportium,NAC Breda,Groningen,2.8,3.4,2.3,Holland
Futbol,Sportium,Den Haag,Ajax Amsterdam,11.0,5.5,1.25,Holland
Futbol,Sportium,FC Twente Enschede,FC Utrecht,3.4,3.4,2.0,Holland
Futbol,Sportium,Vitesse Arnheim,Venlo,1.66,3.75,4.5,Holland
Futbol,Sportium,PSV Eindhoven,Feyenoord,2.05,3.4,3.25,Holland
Futbol,Sportium,Helmond Sport,Jong Ajax Amsterdam,3.0,3.6,2.1,Holland
Futbol,Sportium,FC Oss,AZ Alkmaar,2.45,3.5,2.55,Holland
Futbol,Sportium,Telstar,Den Bosch,2.2,3.4,2.87,Holland
Futbol,Sportium,Nijmegen,Emmen,1.75,3.7,4.0,Holland
Futbol,Sportium,Fortuna Sittard,Volendam,2.65,3.4,2.37,Holland
Futbol,Sportium,Waalwijk,PSV Eindhoven,2.4,3.4,2.65,Holland
Futbol,Sportium,Dordrecht,Almere City FC,2.87,3.5,2.2,Holland
Futbol,Sportium,Partick Thistle,Concord Rangers,5.8,4.0,1.57,Scotland
Futbol,Sportium,Celtic Glasgow,Ross County,1.14,8.0,23.0,Scotland
Futbol,Sportium,Hibernian,Motherwell,1.61,3.8,5.2,Scotland
Futbol,Sportium,Aberdeen,Kilmarnock,1.3,5.0,10.0,Scotland
Futbol,Sportium,Dundee FC,St. Johnstone,3.1,3.25,2.3,Scotland
Futbol,Sportium,Falkirk,Dundee FC,2.6,3.25,2.55,Scotland
Futbol,Sportium,Dumbarton,Brechin,2.0,3.4,3.4,Scotland
Futbol,Sportium,Dunfermline Athletic,St. Mirren,2.4,3.4,2.65,Scotland
Futbol,Sportium,Inverness,Livingston,2.05,3.3,3.3,Scotland
Futbol,Sportium,Ayr United,Alloa,1.72,3.5,3.75,Scotland
Futbol,Sportium,Queens Park,Raith Rovers,5.0,3.75,1.53,Scotland
Futbol,Sportium,Brighton,Stranraer,2.4,3.25,2.5,Scotland
Futbol,Sportium,Airdrie,East Fife,2.0,3.4,3.1,Scotland
Futbol,Sportium,Forfar,Arbroath,2.37,3.3,2.5,Scotland
Futbol,Sportium,Eibar,CD Leganes,2.1,3.1,3.8,Spain
Futbol,Sportium,Levante,Valencia,3.0,3.25,2.3,Spain
Futbol,Sportium,Getafe,Barcelona,11.0,6.0,1.25,Spain
Futbol,Sportium,Real Betis,La Coruna,1.85,3.5,4.2,Spain
Futbol,Sportium,Atletico Madrid,Malaga,1.22,5.75,13.0,Spain
Futbol,Sportium,Girona CF,Sevilla FC,3.1,3.3,2.25,Spain
Futbol,Sportium,Las Palmas UD,Athletic de Bilbao,2.8,3.3,2.45,Spain
Futbol,Sportium,CD Real Sociedad,Real Madrid,4.6,4.2,1.66,Spain
Futbol,Sportium,Espanyol,Celta de Vigo,2.35,3.2,3.1,Spain
Futbol,Sportium,CD Lugo,Zaragoza,2.2,3.0,3.3,Spain
Futbol,Sportium,Valladolid,Granada,1.85,3.3,4.0,Spain
Futbol,Sportium,Sevilla Atletico,Rayo Vallecano,3.0,3.2,2.25,Spain
Futbol,Sportium,La Hoya Lorca CF,Reus,2.35,2.9,3.1,Spain
Futbol,Sportium,Osasuna,Almeria,1.95,3.1,4.0,Spain
Futbol,Sportium,Numancia,Sporting Gijon,2.3,3.0,3.1,Spain
Futbol,Sportium,Alcorcon,Barcelona,2.0,3.2,3.6,Spain
Futbol,Sportium,Galatasaray,Kasimpasaspor,1.28,5.2,9.0,Turkey
Futbol,Sportium,Osmanlispor,Sivasspor,1.9,3.3,3.9,Turkey
Futbol,Sportium,Istanbul Basaksehir,Trabzonspor,1.83,3.5,3.9,Turkey
Futbol,Sportium,Alanyaspor,Fenerbahce,3.25,3.5,2.05,Turkey
Futbol,Sportium,Besiktas,Konyaspor,1.44,4.33,6.5,Turkey
Futbol,Sportium,Gztepe AS,Genclerbirligi,2.1,3.25,3.3,Turkey
Futbol,Sportium,Kayserispor,Antalyaspor,2.45,3.2,2.75,Turkey
Futbol,Marca apuestas,FC Haka Valkeakoski,Inter Turku,3.5,3.45,1.91,Finland
Futbol,Marca apuestas,Ruch Chorzow,GKS Tychy 71,3.0,3.3,2.2,Poland
Futbol,Marca apuestas,Madla,Staal Jrpeland,1.91,4.5,2.7,Norway
Futbol,Marca apuestas,Villarreal,FC Astana,1.22,6.25,15.0,UEFA Europe League
Futbol,Marca apuestas,Slavia Prague,Maccabi Netanya,2.05,3.25,3.95,UEFA Europe League
Futbol,Marca apuestas,Young Boys Bern,Partizan Belgrade,1.83,3.7,4.33,UEFA Europe League
Futbol,Marca apuestas,Dynamo Kiev,Skenderbeu Korce,1.15,8.0,19.0,UEFA Europe League
Futbol,Marca apuestas,Hoffenheim,Sporting Braga,1.3,5.5,11.0,UEFA Europe League
Futbol,Marca apuestas,Istanbul Basaksehir,Ludogorets Razgrad,1.57,4.0,6.25,UEFA Europe League
Futbol,Marca apuestas,Rijeka,AEK Athen,2.35,3.1,3.4,UEFA Europe League
Futbol,Marca apuestas,Austria Vienna,AC Milan,7.0,4.75,1.44,UEFA Europe League
Futbol,Marca apuestas,Atalanta Bergamasca Calcio,Everton,2.4,3.25,3.1,UEFA Europe League
Futbol,Marca apuestas,Apollon Limassol LFC,Lyon,5.75,4.0,1.61,UEFA Europe League
Futbol,Marca apuestas,FC Copenhagen,FC Lokomotiv Moscow,2.38,3.25,3.2,UEFA Europe League
Futbol,Marca apuestas,FC Fastav Zlin,FC Sheriff Tiraspol,2.25,3.2,3.45,UEFA Europe League
Futbol,Marca apuestas,Breidablik,Vikingur Reykjavik,2.8,3.4,2.35,Iceland
Futbol,Marca apuestas,Vikingur Reykjavik,Hafnarfjordur,3.25,3.45,2.1,Iceland
Futbol,Marca apuestas,Vestmannaeyjar,Grindavik Umf,1.9,3.65,3.65,Iceland
Futbol,Marca apuestas,Fjlnir Reykjavik,IA Akranes,1.6,4.2,4.75,Iceland
Futbol,Marca apuestas,Pau,Grenoble,2.6,2.8,2.8,England
Futbol,Suertia,Slovakia,Lithuania,1.02,13.5,37.0,European Championship
Futbol,Suertia,Inter Turku,FC Haka Valkeakoski,1.9,3.45,3.55,Finland
Futbol,Suertia,GKS Tychy 71,Ruch Chorzow,2.2,3.3,2.97,Poland
Futbol,Suertia,Grindavik Umf,Vestmannaeyjar,3.6,3.6,1.85,Iceland
Futbol,Suertia,Hafnarfjordur,Vikingur Reykjavik,2.05,3.35,3.2,Iceland
Futbol,Suertia,IA Akranes,Fjlnir Reykjavik,4.6,4.1,1.58,Iceland
Futbol,Suertia,Vikingur Olafsvk,Stjarnan,11.0,6.1,1.19,Iceland
Futbol,Suertia,U. de Chile,San Luis De Quillota,2.35,3.35,2.67,Chile
Futbol,Suertia,CD Vida,CD Motagua,7.75,4.4,1.35,Honduras
Futbol,Suertia,Persija Jakarta,Bali United Pusam,4.7,3.5,1.65,Indonesia
Futbol,Suertia,FC Vitkovice,FC Graffin Vlasim,5.3,3.8,1.55,Czech
Futbol,Codere,CA Patronato,CA Tigre,4.5,3.1,1.73,Argentina
Futbol,Codere,Estudiantes,FC Koln,2.9,2.8,2.4,Argentina
Futbol,Codere,Belgrano,AA Argentinos Juniors,3.0,2.8,2.3,Argentina
Futbol,Codere,Real Union de Irun,Defensa y Justicia,4.5,3.1,1.75,Argentina
Futbol,Codere,Olimpo,Newells Old Boys,3.6,2.9,2.0,Argentina
Futbol,Codere,Arsenal de Sarandi,San Lorenzo,4.33,3.3,1.7,Argentina
Futbol,Codere,Lanus,CA Independiente,5.0,3.1,1.7,Argentina
Futbol,Codere,Velez Sarsfield,CA Talleres,3.75,3.1,1.9,Argentina
Futbol,Codere,CA Chacarita Juniors,Atletico Tucuman,3.8,3.0,1.9,Argentina
Futbol,Codere,Racing Club,Banfield,3.6,3.1,1.9,Argentina
Futbol,Codere,Godoy Cruz,Boca Juniors,8.0,4.0,1.33,Argentina
Futbol,Codere,River Plate,San Martin de San Juan,2.1,3.0,3.2,Argentina
Futbol,Codere,Huracan,Gimnasia LP,3.75,2.8,2.0,Argentina
Futbol,Codere,Rosario Central,CA Temperley,2.1,2.9,3.3,Argentina
Futbol,Codere,Mechelen,Club Brugge,7.5,5.0,1.27,Belgium
Futbol,Codere,Anderlecht,Kortrijk,1.65,3.6,4.33,Belgium
Futbol,Codere,FC Antwerpen,Lokeren,3.0,3.2,2.1,Belgium
Futbol,Codere,Gent,Oostende,2.4,3.2,2.6,Belgium
Futbol,Codere,Bordeaux,Toulouse,2.45,3.1,2.75,France
Futbol,Codere,Strasbourg,Monaco,15.0,7.5,1.12,France
Futbol,Codere,St. Etienne,Dijon,2.35,3.0,3.0,France
Futbol,Codere,Lille,Guingamp,3.3,3.1,2.15,France
Futbol,Codere,Caen,Nantes,3.9,3.25,1.9,France
Futbol,Codere,Montpellier,Troyes,2.7,3.1,2.5,France
Futbol,Codere,Marseille,SC Amiens,1.9,3.25,3.9,France
Futbol,Codere,Metz,Angers,5.9,3.9,1.5,France
Futbol,Codere,Olympique Gymnaste Club de Nice,Rennes,2.85,3.0,2.45,France
Futbol,Codere,Lyon,Paris SG,13.0,7.0,1.15,France
Futbol,Codere,Angers,Olympique Gymnaste Club de Nice,4.0,3.2,1.9,France
Futbol,Codere,Monaco,Lille,1.65,3.5,5.0,France
Futbol,Codere,Paris SG,Montpellier,1.22,5.5,11.0,France
Futbol,Codere,Guingamp,Bordeaux,5.0,3.3,1.73,France
Futbol,Codere,SC Amiens,Caen,4.5,3.5,1.73,France
Futbol,Codere,Dijon,Lyon,9.0,5.0,1.27,France
Futbol,Codere,Troyes,Metz,3.0,3.1,2.3,France
Futbol,Codere,Rennes,St. Etienne,3.7,3.1,2.0,France
Futbol,Codere,Nantes,Strasbourg,2.6,3.1,2.6,France
Futbol,Codere,Toulouse,Marseille,5.5,3.5,1.62,France
Futbol,Codere,Hamburger SV,Hannover 96,3.2,3.3,2.1,Germany
Futbol,Codere,Mainz 05,Bayern Munich,15.0,8.5,1.1,Germany
Futbol,Codere,Augsburg,Frankfurt,4.3,3.3,1.8,Germany
Futbol,Codere,Wolfsburg,VfB Stuttgart,2.7,3.3,2.4,Germany
Futbol,Codere,Schalke 04,Werder Bremen,2.45,3.45,2.55,Germany
Futbol,Codere,Monchengladbach,RB Leipzig,5.3,3.9,1.55,Germany
Futbol,Codere,Hertha BSC,Hoffenheim,4.75,3.65,1.65,Germany
Futbol,Codere,Freiburg,Leverkusen,6.75,4.4,1.4,Germany
Futbol,Codere,Plaza Colonia,Dortmund,10.0,5.75,1.22,Germany
Futbol,Codere,VfB Stuttgart,Monchengladbach,4.5,3.6,1.67,Germany
Futbol,Codere,RB Leipzig,Augsburg,1.85,3.4,3.9,Germany
Futbol,Codere,Bayern Munich,Schalke 04,1.33,4.5,8.0,Germany
Futbol,Codere,Werder Bremen,Wolfsburg,3.5,3.3,2.0,Germany
Futbol,Codere,Frankfurt,Plaza Colonia,2.75,3.0,2.5,Germany
Futbol,Codere,Hannover 96,Freiburg,2.9,3.1,2.37,Germany
Futbol,Codere,Dortmund,Hamburger SV,1.43,4.33,6.5,Germany
Futbol,Codere,Leverkusen,Hertha BSC,2.4,3.2,2.75,Germany
Futbol,Codere,Hoffenheim,Mainz 05,2.5,3.3,2.6,Germany
Futbol,Codere,Wolfsburg,Bayern Munich,14.0,8.0,1.11,Germany
Futbol,Codere,Schalke 04,Hoffenheim,3.4,3.4,2.0,Germany
Futbol,Codere,Frankfurt,RB Leipzig,6.5,4.33,1.43,Germany
Futbol,Codere,Hertha BSC,Mainz 05,3.2,3.2,2.15,Germany
Futbol,Codere,Augsburg,VfB Stuttgart,3.2,3.3,2.1,Germany
Futbol,Codere,Freiburg,Werder Bremen,3.3,3.3,2.05,Germany
Futbol,Codere,Monchengladbach,Dortmund,5.5,4.33,1.5,Germany
Futbol,Codere,Plaza Colonia,Hannover 96,2.9,3.3,2.25,Germany
Futbol,Codere,Hamburger SV,Leverkusen,4.5,3.5,1.73,Germany
Futbol,Codere,Almere City FC,Dordrecht,2.05,3.4,3.0,Belgium
Futbol,Codere,Volendam,Fortuna Sittard,2.5,3.3,2.4,Belgium
Futbol,Codere,Jong Ajax Amsterdam,Helmond Sport,2.1,3.4,2.9,Belgium
Futbol,Codere,Graafschap,Jong FC Utrecht,1.6,3.9,4.33,Belgium
Futbol,Codere,PSV Eindhoven,Waalwijk,2.4,3.3,2.5,Belgium
Futbol,Codere,Den Bosch,Telstar,2.8,3.3,2.15,Belgium
Futbol,Codere,Bologna,Fiorentina,6.5,4.0,1.45,Italy
Futbol,Codere,Hellas Verona,Roma,13.0,6.5,1.16,Italy
Futbol,Codere,Juventus,Sassuolo,1.4,4.25,7.0,Italy
Futbol,Codere,Udinese,AC Milan,8.5,4.5,1.33,Italy
Futbol,Codere,Benevento Calcio,Napoli,19.0,9.5,1.07,Italy
Futbol,Codere,Cagliari,Spal 2013,3.0,3.2,2.25,Italy
Futbol,Codere,Sampdoria,Torino,4.75,3.9,1.6,Italy
Futbol,Codere,Atalanta Bergamasca Calcio,Chievo,2.5,3.1,2.7,Italy
Futbol,Codere,Lazio,Genoa,1.85,3.5,3.75,Italy
Futbol,Codere,Roma,Benevento Calcio,1.37,4.5,7.0,Italy
Futbol,Codere,Spal 2013,AC Milan,10.0,5.5,1.25,Italy
Futbol,Codere,FC Crotone,Atalanta Bergamasca Calcio,9.0,4.5,1.33,Italy
Futbol,Codere,Sassuolo,Cagliari,3.2,3.3,2.1,Italy
Futbol,Codere,Chievo,Genoa,3.7,3.2,1.95,Italy
Futbol,Codere,Sampdoria,Hellas Verona,2.5,3.2,2.7,Italy
Futbol,Codere,Fiorentina,Juventus,7.5,4.5,1.35,Italy
Futbol,Codere,Napoli,Lazio,2.05,3.5,3.2,Italy
Futbol,Codere,Torino,Udinese,2.4,3.2,2.75,Italy
Futbol,Codere,Udinese,Roma,9.5,4.5,1.3,Italy
Futbol,Codere,AC Milan,Sampdoria,1.95,3.3,3.6,Italy
Futbol,Codere,Chievo,Cagliari,3.5,3.0,2.1,Italy
Futbol,Codere,Benevento Calcio,FC Crotone,3.6,3.0,2.1,Italy
Futbol,Codere,Vitoria Setubal,Pacos Ferreira,3.45,3.05,2.1,Portugal
Futbol,Codere,Aves,Maritimo Funchal,3.4,3.0,2.05,Portugal
Futbol,Codere,Benfica Lissabon,Boavista Porto,1.33,4.6,8.0,Portugal
Futbol,Codere,CD Tondela,Sporting Lissabon,17.0,8.0,1.1,Portugal
Futbol,Codere,Estoril,Belenenses,3.2,2.9,2.15,Portugal
Futbol,Codere,FC Porto,Rio Ave,1.3,4.75,9.0,Portugal
Futbol,Codere,Vitoria Guimaraes,Sporting Braga,3.6,3.1,1.9,Portugal
Futbol,Codere,Feirense,Portimonense,3.5,3.25,2.0,Portugal
Futbol,Codere,Moreirense,Desportivo Chaves,3.65,3.15,2.0,Portugal
Futbol,Codere,CD Leganes,Eibar,3.8,3.2,1.95,Spain
Futbol,Codere,Valencia,Levante,2.25,3.15,3.25,Spain
Futbol,Codere,Barcelona,Getafe,1.25,5.5,9.0,Spain
Futbol,Codere,La Coruna,Real Betis,4.15,3.4,1.8,Spain
Futbol,Codere,Malaga,Atletico Madrid,10.0,5.25,1.25,Spain
Futbol,Codere,Villarreal,Alaves,2.4,3.1,2.85,Spain
Futbol,Codere,Sevilla FC,Girona CF,2.1,3.3,3.2,Spain
Futbol,Codere,Athletic de Bilbao,Las Palmas UD,2.3,3.3,2.85,Spain
Futbol,Codere,Real Madrid,R. Sociedad,1.7,4.0,4.3,Spain
Futbol,Codere,Celta de Vigo,Espanyol,2.85,3.15,2.35,Spain
Futbol,Codere,Malaga,Valencia,5.0,3.6,1.62,Spain
Futbol,Codere,Eibar,Barcelona,15.0,8.5,1.1,Spain
Futbol,Codere,Atletico Madrid,Athletic de Bilbao,2.2,3.1,3.2,Spain
Futbol,Codere,Girona CF,CD Leganes,3.6,3.1,2.05,Spain
Futbol,Codere,Alaves,La Coruna,4.0,3.2,1.9,Spain
Futbol,Codere,Real Betis,Real Madrid,17.0,9.0,1.09,Spain
Futbol,Codere,Las Palmas UD,Sevilla FC,6.5,4.33,1.43,Spain
Futbol,Codere,Espanyol,Villarreal,4.5,3.4,1.75,Spain
Futbol,Codere,Getafe,Celta de Vigo,4.5,3.45,1.7,Spain
Futbol,Codere,R. Sociedad,Levante,2.25,3.3,2.9,Spain
Futbol,Codere,Orlando City SC,Atlanta United FC,5.5,4.0,1.45,MLS
Futbol,Codere,Columbus Crew,Vancouver,3.3,3.4,1.9,MLS
Futbol,Codere,Seattle Sounders,FC Dallas,3.4,3.3,1.9,MLS
Futbol,Codere,Manchester United,Chicago Fire,5.5,3.8,1.5,MLS
Futbol,Codere,New England,Sporting Kansas City,6.0,4.0,1.43,MLS
Futbol,Codere,New York City FC,Colorado Rapids,2.3,3.2,2.7,MLS
Futbol,Codere,Portland,Real Salt Lake,3.3,3.4,1.9,MLS
Futbol,Codere,Toronto FC,Los Angeles Galaxy,2.2,3.3,2.75,MLS
Futbol,Bet365,Bournemouth,Brighton,2.2,3.3,3.7,England
Futbol,Bet365,Newcastle United,Stoke City,2.25,3.25,3.2,England
Futbol,Bet365,Watford,Manchester City,8.0,5.25,1.33,England
Futbol,Bet365,Huddersfield Town,Leicester City,3.2,3.25,2.25,England
Futbol,Bet365,Chelsea,Arsenal,1.75,3.75,4.5,England
Futbol,Bet365,Crystal Palace,Southampton,3.1,3.1,2.38,England
Futbol,Bet365,Liverpool,Burnley,1.29,5.75,9.0,England
Futbol,Bet365,West Bromwich,West Ham,2.25,3.25,3.2,England
Futbol,Bet365,Tottenham Hotspur,Swansea,1.2,6.0,15.0,England
Futbol,Bet365,Manchester United,Everton,1.4,4.75,7.0,England
Futbol,Bet365,Birmingham City,Preston North End,2.55,3.25,2.75,England
Futbol,Bet365,Bristol City,Derby County,2.3,3.4,3.0,England
Futbol,Bet365,Cardiff City,Sheffield United,2.0,3.4,3.75,England
Futbol,Bet365,Ipswich,Bolton,1.95,3.5,3.75,England
Futbol,Bet365,Millwall,Leeds United,2.7,3.4,2.5,England
Futbol,Bet365,Brentford,Reading,2.0,3.5,3.6,England
Futbol,Bet365,Burton Albion FC,Fulham,4.0,3.75,1.83,England
Futbol,Bet365,Hull City,Sunderland,2.0,3.4,3.75,England
Futbol,Bet365,Middlesbrough,Queens Park,1.7,3.75,4.75,England
Futbol,Bet365,Nottingham Forest,Wolverhampton,3.3,3.3,2.2,England
Futbol,Bet365,Milton Keynes Dons,Rochdale,2.05,3.4,3.5,England
Futbol,Bet365,Gillingham,Charlton Athletic,3.8,3.6,1.91,England
Futbol,Bet365,Bury,Plymouth Argyle,2.3,3.5,2.9,England
Futbol,Bet365,Wigan,Bristol Rovers,1.73,3.75,4.5,England
Futbol,Bet365,Portsmouth,Fleetwood Town,2.0,3.4,3.75,England
Futbol,Bet365,Bradford City,Rotherham,2.2,3.25,3.3,England
Futbol,Bet365,Blackpool,Oxford United,2.6,3.2,2.7,England
Futbol,Bet365,Walsall,Peterborough,2.8,3.3,2.45,England
Futbol,Bet365,Oldham,Shrewsbury Town,2.8,3.4,2.45,England
Futbol,Bet365,Southend,Northampton,1.91,3.3,4.2,England
Futbol,Bet365,Morecambe,Newport,3.5,3.3,2.1,England
Futbol,Bet365,Cambridge,Coventry City,2.45,3.25,2.88,England
Futbol,Bet365,Port Vale,Forest Green Rovers,2.25,3.3,3.2,England
Futbol,Bet365,Grimsby,Yeovil,2.0,3.5,3.6,England
Futbol,Bet365,Cheltenham,Colchester United,2.4,3.3,2.9,England
Futbol,Bet365,Chesterfield,Accrington,3.5,3.3,2.1,England
Futbol,Bet365,Swindon,Stevenage,2.25,3.2,3.25,England
Futbol,Bet365,Wycombe,Luton,2.88,3.4,2.38,England
Futbol,Bet365,Crawley Town,Notts County,3.4,3.3,2.15,England
Futbol,Bet365,Exeter,Crewe,1.91,3.4,4.1,England
Futbol,Bet365,Leyton Orient,Hartlepool United,2.0,3.4,3.75,England
Futbol,Bet365,Bromley,Solihull Moors FC,1.83,3.5,4.33,England
Futbol,Bet365,Dover Athletic,Chester,1.62,3.75,5.5,England
Futbol,Bet365,Ebbsfleet,Tranmere Rovers,3.0,3.5,2.25,England
Futbol,Bet365,Macclesfield Town FC,Maidstone United FC,2.0,3.4,3.75,England
Futbol,Bet365,Barrow,Torquay,1.8,3.5,4.5,England
Futbol,Bet365,Dagenham,Halifax,1.8,3.5,4.5,England
Futbol,Bet365,Eastleigh,AFC Fylde,1.91,3.4,4.0,England
Futbol,Bet365,Gateshead FC,Aldershot,2.5,3.5,2.63,England
Futbol,Bet365,Maidenhead,Boreham Wood FC,2.38,3.4,2.88,England
Futbol,Bet365,Eibar,CD Leganes,2.1,3.25,3.8,Spain
Futbol,Bet365,Getafe,Barcelona,13.0,6.0,1.25,Spain
Futbol,Bet365,Atletico Madrid,Malaga,1.22,6.0,15.0,Spain
Futbol,Bet365,Girona CF,Sevilla FC,3.3,3.25,2.3,Spain
Futbol,Bet365,CD Real Sociedad,Real Madrid,5.0,4.0,1.62,Spain
Futbol,Bet365,Levante,Valencia,3.1,3.3,2.4,Spain
Futbol,Bet365,Real Betis,La Coruna,1.83,3.6,4.5,Spain
Futbol,Bet365,Alaves,Villarreal,3.25,3.1,2.38,Spain
Futbol,Bet365,Las Palmas UD,Athletic de Bilbao,3.0,3.4,2.38,Spain
Futbol,Bet365,Espanyol,Celta de Vigo,2.25,3.3,3.3,Spain
Futbol,Bet365,CD Lugo,Zaragoza,2.3,3.1,3.3,Spain
Futbol,Bet365,Sevilla Atletico,Rayo Vallecano,3.2,3.3,2.25,Spain
Futbol,Bet365,Osasuna,Almeria,1.91,3.3,4.2,Spain
Futbol,Bet365,Leonesa,Huesca,2.2,3.2,3.4,Spain
Futbol,Bet365,Valladolid,Granada,1.91,3.4,4.0,Spain
Futbol,Bet365,La Hoya Lorca CF,Reus,2.3,3.0,3.4,Spain
Futbol,Bet365,Numancia,Sporting Gijon,2.3,3.0,3.4,Spain
Futbol,Bet365,Alcorcon,Barcelona,2.0,3.3,3.8,Spain
Futbol,Bet365,Gimnastic De Tarragona,Albacete,2.05,3.1,4.0,Spain
Futbol,Bet365,FC Crotone,Inter Milan,8.0,4.75,1.36,Italy
Futbol,Bet365,Roma,Hellas Verona,1.17,7.0,15.0,Italy
Futbol,Bet365,AC Milan,Udinese,1.4,4.33,8.5,Italy
Futbol,Bet365,Spal 2013,Cagliari,2.3,3.3,3.1,Italy
Futbol,Bet365,Chievo,Atalanta Bergamasca Calcio,2.8,3.2,2.5,Italy
Futbol,Bet365,Fiorentina,Bologna,1.55,3.8,6.5,Italy
Futbol,Bet365,Sassuolo,Juventus,7.0,4.0,1.5,Italy
Futbol,Bet365,Napoli,Benevento Calcio,1.11,10.0,15.0,Italy
Futbol,Bet365,Torino,Sampdoria,1.67,3.6,5.25,Italy
Futbol,Bet365,Genoa,Lazio,3.6,3.5,2.0,Italy
Futbol,Bet365,Venezia,Spezia,2.05,3.2,3.8,Italy
Futbol,Bet365,Brescia,Pro Vercelli,1.95,3.0,4.5,Italy
Futbol,Bet365,Empoli,Ascoli,1.55,3.6,7.0,Italy
Futbol,Bet365,Frosinone,Bari,2.0,3.1,4.2,Italy
Futbol,Bet365,Perugia,Parma,2.05,3.1,4.0,Italy
Futbol,Bet365,Cesena,Avellino,2.15,2.88,4.0,Italy
Futbol,Bet365,Cremonese,Carpi,1.91,3.1,4.5,Italy
Futbol,Bet365,Foggia,Palermo,2.7,3.1,2.7,Italy
Futbol,Bet365,Novara,Cittadella,2.1,3.2,3.6,Italy
Futbol,Bet365,Salernitana,Pescara,2.05,3.4,3.5,Italy
Futbol,Bet365,Giana Erminio,Cueno,2.25,3.0,3.0,Italy
Futbol,Bet365,Modena,AC Renate,2.5,3.0,2.63,Italy
Futbol,Bet365,Racing Fondi Calcio,US Siracusa,2.5,3.0,2.63,Italy
Futbol,Bet365,Arzachena,Pontedera,2.5,3.0,2.63,Italy
Futbol,Bet365,Bisceglie,Catanzaro,2.2,3.1,3.0,Italy
Futbol,Bet365,Alessandria,Livorno,2.3,3.0,2.88,Italy
Futbol,Bet365,Akragas,Paganese,2.3,3.1,2.8,Italy
Futbol,Bet365,ASD Sicula Leonzio,AC Monopoli,2.25,3.1,2.88,Italy
Futbol,Bet365,Cosenza,Fidelis Andria,1.83,3.3,3.8,Italy
Futbol,Bet365,Hannover 96,Hamburger SV,2.1,3.4,3.6,Germany
Futbol,Bet365,Frankfurt,Augsburg,1.85,3.5,4.5,Germany
Futbol,Bet365,Bayern Munich,Mainz 05,1.13,10.0,19.0,Germany
Futbol,Bet365,Hoffenheim,Hertha BSC,1.73,3.75,5.0,Germany
Futbol,Bet365,Dortmund,FC Cologne,1.25,6.0,12.0,Germany
Futbol,Bet365,VfB Stuttgart,Wolfsburg,2.4,3.5,2.9,Germany
Futbol,Bet365,Werder Bremen,Schalke 04,2.63,3.5,2.63,Germany
Futbol,Bet365,RB Leipzig,Monchengladbach,1.67,3.8,5.5,Germany
Futbol,Bet365,Leverkusen,Freiburg,1.5,4.33,6.5,Germany
Futbol,Bet365,Monchengladbach,VfB Stuttgart,1.67,3.75,5.0,Germany
Futbol,Bet365,Aue,Holstein Kiel,2.75,3.2,2.6,Germany
Futbol,Bet365,Duisburg,FC Nrnberg,2.4,3.2,3.0,Germany
Futbol,Bet365,Sandhausen,Kaiserslautern,2.05,3.4,3.5,Germany
Futbol,Bet365,VfL Bochum,Heidenheim,1.91,3.4,4.0,Germany
Futbol,Bet365,Darmstadt 98,Bielefeld,2.0,3.3,3.8,Germany
Futbol,Bet365,Union Berlin,Braunschweig,2.0,3.3,3.75,Germany
Futbol,Bet365,FC St. Pauli,FC Ingolstadt,2.3,3.3,3.1,Germany
Futbol,Bet365,Regensburg,Dynamo Dresden,2.3,3.4,3.0,Germany
Futbol,Bet365,Greuther Furth,Fortuna Dusseldorf,2.7,3.2,2.63,Germany
Futbol,Bet365,SV Wehen Wiesbaden,Chemnitz,1.57,3.75,6.25,Germany
Futbol,Bet365,Hansa Rostock,Werder Bremen,2.05,3.2,3.8,Germany
Futbol,Bet365,Zwickau,Magdeburg,3.25,3.1,2.3,Germany
Futbol,Bet365,CZ Jena,SV Meppen,2.25,3.2,3.2,Germany
Futbol,Bet365,Fortuna Cologne,Hallescher FC,2.05,3.3,3.6,Germany
Futbol,Bet365,FC Bourg Peronnas,Chateauroux,2.45,3.1,3.0,France
Futbol,Bet365,Ajaccio,Clermont Foot,2.2,2.88,3.8,France
Futbol,Bet365,Nimes,Auxerre,1.91,3.2,4.33,France
Futbol,Bet365,US Quevilly Rouen,Nancy,4.2,3.1,2.0,France
Futbol,Bet365,Paris SG,Tours,2.05,3.1,4.0,France
Futbol,Bet365,Brest,Le Havre,2.5,3.0,3.0,France
Futbol,Bet365,Lorient,Ajaccio,1.62,3.4,6.5,France
Futbol,Bet365,Valenciennes,Lens,3.0,2.9,2.6,France
Futbol,Bet365,Sochaux,Stade de Reims,2.7,2.9,2.9,France
Futbol,Bet365,Pau,Grenoble,2.5,3.0,2.8,France
Futbol,Bet365,US Creteil,AS Beziers,2.2,3.0,3.25,France
Futbol,Bet365,Rodez Aveyron,Concarneau,1.83,3.25,4.2,France
Futbol,Bet365,Sannois St Gratien,Lyon,2.45,2.9,2.9,France
Futbol,Bet365,Red Star 93 Paris,Laval,2.45,2.9,2.9,France
Futbol,Bet365,Dunkerque,FC Chambly Thelle,2.25,3.1,3.1,France
Futbol,Bet365,US Boulogne,Les Herbiers,2.05,2.8,4.0,France
Futbol,Bet365,Jorge Wilstermann,River Plate,3.0,3.0,2.5,Copa Libertadores
Futbol,Bet365,Monarcas Morelia,Tigres,1.8,3.75,3.4,Mexico
Futbol,Bet365,Atlanta United FC,Orlando City SC,1.5,4.2,6.0,MLS
Futbol,Bet365,Chicago Fire,Manchester United,1.5,4.0,6.5,MLS
Futbol,Bet365,Colorado Rapids,Sevilla FC,2.75,3.5,2.4,MLS
Futbol,Bet365,Los Angeles Galaxy,Toronto FC,2.88,3.6,2.25,MLS
Futbol,Bet365,Vancouver,Columbus Crew,2.0,3.6,3.5,MLS
Futbol,Bet365,FC Dallas,Seattle Sounders,2.0,3.5,3.6,MLS
Futbol,Bet365,Sporting Kansas City,New England,1.45,4.5,6.5,MLS
Futbol,Bet365,Real Salt Lake,Portland,2.0,3.5,3.6,MLS
Futbol,Bet365,CS Herediano,Municipal Perez Zeledon,1.5,4.0,5.0,Costa Rica
Futbol,Bet365,Deportivo Saprissa,Guadelupe FC,1.29,5.0,7.5,Costa Rica
Futbol,Bet365,Limon FC,AD Carmelita,1.62,3.6,4.6,Costa Rica
Futbol,Bet365,Universidad de Costa Rica,Santos,2.6,3.2,2.4,Costa Rica
Futbol,Bet365,CS Cartagines,LD Alajuelense,2.5,3.2,2.5,Costa Rica
Futbol,Bet365,CD Motagua,CD Vida,1.36,4.2,7.0,Honduras
Futbol,Bet365,CA Tigre,CA Patronato,1.75,3.25,5.25,Argentina
Futbol,Bet365,Newells Old Boys,Olimpo,2.0,3.0,4.5,Argentina
Futbol,Bet365,CA Independiente,Lanus,1.75,3.25,5.5,Argentina
Futbol,Bet365,Colon Santa Fe,Estudiantes,2.4,3.0,3.2,Argentina
Futbol,Bet365,San Lorenzo,Arsenal,1.75,3.4,5.0,Argentina
Futbol,Bet365,CA Talleres,Velez Sarsfield,1.95,3.1,4.33,Argentina
Futbol,Bet365,Banfield,Racing de Ferrol,2.0,3.1,4.2,Argentina
Futbol,Bwin,Bournemouth,Brighton,2.2,3.3,3.7,England
Futbol,Bwin,Newcastle United,Stoke City,2.25,3.25,3.2,England
Futbol,Bwin,Watford,Manchester City,8.0,5.25,1.33,England
Futbol,Bwin,Huddersfield Town,Leicester City,3.2,3.25,2.25,England
Futbol,Bwin,Chelsea,Arsenal,1.75,3.75,4.5,England
Futbol,Bwin,Crystal Palace,Southampton,3.1,3.1,2.38,England
Futbol,Bwin,Liverpool,Burnley,1.29,5.75,9.0,England
Futbol,Bwin,West Bromwich,West Ham,2.25,3.25,3.2,England
Futbol,Bwin,Tottenham Hotspur,Swansea,1.2,6.0,15.0,England
Futbol,Bwin,Manchester United,Everton,1.4,4.75,7.0,England
Futbol,Bwin,Birmingham City,Preston North End,2.55,3.25,2.75,England
Futbol,Bwin,Bristol City,Derby County,2.3,3.4,3.0,England
Futbol,Bwin,Cardiff City,Sheffield United,2.0,3.4,3.75,England
Futbol,Bwin,Ipswich,Bolton,1.95,3.5,3.75,England
Futbol,Bwin,Millwall,Leeds United,2.7,3.4,2.5,England
Futbol,Bwin,Brentford,Reading,2.0,3.5,3.6,England
Futbol,Bwin,Burton Albion FC,Fulham,4.0,3.75,1.83,England
Futbol,Bwin,Hull City,Sunderland,2.0,3.4,3.75,England
Futbol,Bwin,Middlesbrough,Queens Park,1.7,3.75,4.75,England
Futbol,Bwin,Nottingham Forest,Wolverhampton,3.3,3.3,2.2,England
Futbol,Bwin,Milton Keynes Dons,Rochdale,2.05,3.4,3.5,England
Futbol,Bwin,Gillingham,Charlton Athletic,3.8,3.6,1.91,England
Futbol,Bwin,Bury,Plymouth Argyle,2.3,3.5,2.9,England
Futbol,Bwin,Wigan,Bristol Rovers,1.73,3.75,4.5,England
Futbol,Bwin,Portsmouth,Fleetwood Town,2.0,3.4,3.75,England
Futbol,Bwin,Bradford City,Rotherham,2.2,3.25,3.3,England
Futbol,Bwin,Blackpool,Oxford United,2.6,3.2,2.7,England
Futbol,Bwin,Walsall,Peterborough,2.8,3.3,2.45,England
Futbol,Bwin,Oldham,Shrewsbury Town,2.8,3.4,2.45,England
Futbol,Bwin,Southend,Northampton,1.91,3.3,4.2,England
Futbol,Bwin,Morecambe,Newport,3.5,3.3,2.1,England
Futbol,Bwin,Cambridge,Coventry City,2.45,3.25,2.88,England
Futbol,Bwin,Port Vale,Forest Green Rovers,2.25,3.3,3.2,England
Futbol,Bwin,Grimsby,Yeovil,2.0,3.5,3.6,England
Futbol,Bwin,Cheltenham,Colchester United,2.4,3.3,2.9,England
Futbol,Bwin,Chesterfield,Accrington,3.5,3.3,2.1,England
Futbol,Bwin,Swindon,Stevenage,2.25,3.2,3.25,England
Futbol,Bwin,Wycombe,Luton,2.88,3.4,2.38,England
Futbol,Bwin,Crawley Town,Notts County,3.4,3.3,2.15,England
Futbol,Bwin,Exeter,Crewe,1.91,3.4,4.1,England
Futbol,Bwin,Leyton Orient,Hartlepool United,2.0,3.4,3.75,England
Futbol,Bwin,Bromley,Solihull Moors FC,1.83,3.5,4.33,England
Futbol,Bwin,Dover Athletic,Chester,1.62,3.75,5.5,England
Futbol,Bwin,Ebbsfleet,Tranmere Rovers,3.0,3.5,2.25,England
Futbol,Bwin,Macclesfield Town FC,Maidstone United FC,2.0,3.4,3.75,England
Futbol,Bwin,Barrow,Torquay,1.8,3.5,4.5,England
Futbol,Bwin,Dagenham,Halifax,1.8,3.5,4.5,England
Futbol,Bwin,Eastleigh,AFC Fylde,1.91,3.4,4.0,England
Futbol,Bwin,Gateshead FC,Aldershot,2.5,3.5,2.63,England
Futbol,Bwin,Maidenhead,Boreham Wood FC,2.38,3.4,2.88,England
Futbol,Bwin,Eibar,CD Leganes,2.1,3.25,3.8,Spain
Futbol,Bwin,Getafe,Barcelona,13.0,6.0,1.25,Spain
Futbol,Bwin,Atletico Madrid,Malaga,1.22,6.0,15.0,Spain
Futbol,Bwin,Girona CF,Sevilla FC,3.3,3.25,2.3,Spain
Futbol,Bwin,CD Real Sociedad,Real Madrid,5.0,4.0,1.62,Spain
Futbol,Bwin,Levante,Valencia,3.1,3.3,2.4,Spain
Futbol,Bwin,Real Betis,La Coruna,1.83,3.6,4.5,Spain
Futbol,Bwin,Alaves,Villarreal,3.25,3.1,2.38,Spain
Futbol,Bwin,Las Palmas UD,Athletic de Bilbao,3.0,3.4,2.38,Spain
Futbol,Bwin,Espanyol,Celta de Vigo,2.25,3.3,3.3,Spain
Futbol,Bwin,CD Lugo,Zaragoza,2.3,3.1,3.3,Spain
Futbol,Bwin,Sevilla Atletico,Rayo Vallecano,3.2,3.3,2.25,Spain
Futbol,Bwin,Osasuna,Almeria,1.91,3.3,4.2,Spain
Futbol,Bwin,Leonesa,Huesca,2.2,3.2,3.4,Spain
Futbol,Bwin,Valladolid,Granada,1.91,3.4,4.0,Spain
Futbol,Bwin,La Hoya Lorca CF,Reus,2.3,3.0,3.4,Spain
Futbol,Bwin,Numancia,Sporting Gijon,2.3,3.0,3.4,Spain
Futbol,Bwin,Alcorcon,Barcelona,2.0,3.3,3.8,Spain
Futbol,Bwin,Gimnastic De Tarragona,Albacete,2.05,3.1,4.0,Spain
Futbol,Bwin,FC Crotone,Inter Milan,8.0,4.75,1.36,Italy
Futbol,Bwin,Roma,Hellas Verona,1.17,7.0,15.0,Italy
Futbol,Bwin,AC Milan,Udinese,1.4,4.33,8.5,Italy
Futbol,Bwin,Spal 2013,Cagliari,2.3,3.3,3.1,Italy
Futbol,Bwin,Chievo,Atalanta Bergamasca Calcio,2.8,3.2,2.5,Italy
Futbol,Bwin,Fiorentina,Bologna,1.55,3.8,6.5,Italy
Futbol,Bwin,Sassuolo,Juventus,7.0,4.0,1.5,Italy
Futbol,Bwin,Napoli,Benevento Calcio,1.11,10.0,15.0,Italy
Futbol,Bwin,Torino,Sampdoria,1.67,3.6,5.25,Italy
Futbol,Bwin,Genoa,Lazio,3.6,3.5,2.0,Italy
Futbol,Bwin,Venezia,Spezia,2.05,3.2,3.8,Italy
Futbol,Bwin,Brescia,Pro Vercelli,1.95,3.0,4.5,Italy
Futbol,Bwin,Empoli,Ascoli,1.55,3.6,7.0,Italy
Futbol,Bwin,Frosinone,Bari,2.0,3.1,4.2,Italy
Futbol,Bwin,Perugia,Parma,2.05,3.1,4.0,Italy
Futbol,Bwin,Cesena,Avellino,2.15,2.88,4.0,Italy
Futbol,Bwin,Cremonese,Carpi,1.91,3.1,4.5,Italy
Futbol,Bwin,Foggia,Palermo,2.7,3.1,2.7,Italy
Futbol,Bwin,Novara,Cittadella,2.1,3.2,3.6,Italy
Futbol,Bwin,Salernitana,Pescara,2.05,3.4,3.5,Italy
Futbol,Bwin,Giana Erminio,Cueno,2.25,3.0,3.0,Italy
Futbol,Bwin,Modena,AC Renate,2.5,3.0,2.63,Italy
Futbol,Bwin,Racing Fondi Calcio,US Siracusa,2.5,3.0,2.63,Italy
Futbol,Bwin,Arzachena,Pontedera,2.5,3.0,2.63,Italy
Futbol,Bwin,Bisceglie,Catanzaro,2.2,3.1,3.0,Italy
Futbol,Bwin,Alessandria,Livorno,2.3,3.0,2.88,Italy
Futbol,Bwin,Akragas,Paganese,2.3,3.1,2.8,Italy
Futbol,Bwin,ASD Sicula Leonzio,AC Monopoli,2.25,3.1,2.88,Italy
Futbol,Bwin,Cosenza,Fidelis Andria,1.83,3.3,3.8,Italy
Futbol,Bwin,Hannover 96,Hamburger SV,2.1,3.4,3.6,Germany
Futbol,Bwin,Frankfurt,Augsburg,1.85,3.5,4.5,Germany
Futbol,Bwin,Bayern Munich,Mainz 05,1.13,10.0,19.0,Germany
Futbol,Bwin,Hoffenheim,Hertha BSC,1.73,3.75,5.0,Germany
Futbol,Bwin,Dortmund,FC Cologne,1.25,6.0,12.0,Germany
Futbol,Bwin,VfB Stuttgart,Wolfsburg,2.4,3.5,2.9,Germany
Futbol,Bwin,Werder Bremen,Schalke 04,2.63,3.5,2.63,Germany
Futbol,Bwin,RB Leipzig,Monchengladbach,1.67,3.8,5.5,Germany
Futbol,Bwin,Leverkusen,Freiburg,1.5,4.33,6.5,Germany
Futbol,Bwin,Monchengladbach,VfB Stuttgart,1.67,3.75,5.0,Germany
Futbol,Bwin,Aue,Holstein Kiel,2.75,3.2,2.6,Germany
Futbol,Bwin,Duisburg,FC Nrnberg,2.4,3.2,3.0,Germany
Futbol,Bwin,Sandhausen,Kaiserslautern,2.05,3.4,3.5,Germany
Futbol,Bwin,VfL Bochum,Heidenheim,1.91,3.4,4.0,Germany
Futbol,Bwin,Darmstadt 98,Bielefeld,2.0,3.3,3.8,Germany
Futbol,Bwin,Union Berlin,Braunschweig,2.0,3.3,3.75,Germany
Futbol,Bwin,FC St. Pauli,FC Ingolstadt,2.3,3.3,3.1,Germany
Futbol,Bwin,Regensburg,Dynamo Dresden,2.3,3.4,3.0,Germany
Futbol,Bwin,Greuther Furth,Fortuna Dusseldorf,2.7,3.2,2.63,Germany
Futbol,Bwin,SV Wehen Wiesbaden,Chemnitz,1.57,3.75,6.25,Germany
Futbol,Bwin,Hansa Rostock,Werder Bremen,2.05,3.2,3.8,Germany
Futbol,Bwin,Zwickau,Magdeburg,3.25,3.1,2.3,Germany
Futbol,Bwin,CZ Jena,SV Meppen,2.25,3.2,3.2,Germany
Futbol,Bwin,Fortuna Cologne,Hallescher FC,2.05,3.3,3.6,Germany
Futbol,Bwin,FC Bourg Peronnas,Chateauroux,2.45,3.1,3.0,France
Futbol,Bwin,Ajaccio,Clermont Foot,2.2,2.88,3.8,France
Futbol,Bwin,Nimes,Auxerre,1.91,3.2,4.33,France
Futbol,Bwin,US Quevilly Rouen,Nancy,4.2,3.1,2.0,France
Futbol,Bwin,Paris SG,Tours,2.05,3.1,4.0,France
Futbol,Bwin,Brest,Le Havre,2.5,3.0,3.0,France
Futbol,Bwin,Lorient,Ajaccio,1.62,3.4,6.5,France
Futbol,Bwin,Valenciennes,Lens,3.0,2.9,2.6,France
Futbol,Bwin,Sochaux,Stade de Reims,2.7,2.9,2.9,France
Futbol,Bwin,Pau,Grenoble,2.5,3.0,2.8,France
Futbol,Bwin,US Creteil,AS Beziers,2.2,3.0,3.25,France
Futbol,Bwin,Rodez Aveyron,Concarneau,1.83,3.25,4.2,France
Futbol,Bwin,Sannois St Gratien,Lyon,2.45,2.9,2.9,France
Futbol,Bwin,Red Star 93 Paris,Laval,2.45,2.9,2.9,France
Futbol,Bwin,Dunkerque,FC Chambly Thelle,2.25,3.1,3.1,France
Futbol,Bwin,US Boulogne,Les Herbiers,2.05,2.8,4.0,France
Futbol,Bwin,Jorge Wilstermann,River Plate,3.0,3.0,2.5,Copa Libertadores
Futbol,Bwin,Monarcas Morelia,Tigres,1.8,3.75,3.4,Mexico
Futbol,Bwin,Atlanta United FC,Orlando City SC,1.5,4.2,6.0,MLS
Futbol,Bwin,Chicago Fire,Manchester United,1.5,4.0,6.5,MLS
Futbol,Bwin,Colorado Rapids,Sevilla FC,2.75,3.5,2.4,MLS
Futbol,Bwin,Los Angeles Galaxy,Toronto FC,2.88,3.6,2.25,MLS
Futbol,Bwin,Vancouver,Columbus Crew,2.0,3.6,3.5,MLS
Futbol,Bwin,FC Dallas,Seattle Sounders,2.0,3.5,3.6,MLS
Futbol,Bwin,Sporting Kansas City,New England,1.45,4.5,6.5,MLS
Futbol,Bwin,Real Salt Lake,Portland,2.0,3.5,3.6,MLS
Futbol,Bwin,CS Herediano,Municipal Perez Zeledon,1.5,4.0,5.0,Costa Rica
Futbol,Bwin,Deportivo Saprissa,Guadelupe FC,1.29,5.0,7.5,Costa Rica
Futbol,Bwin,Limon FC,AD Carmelita,1.62,3.6,4.6,Costa Rica
Futbol,Bwin,Universidad de Costa Rica,Santos,2.6,3.2,2.4,Costa Rica
Futbol,Bwin,CS Cartagines,LD Alajuelense,2.5,3.2,2.5,Costa Rica
Futbol,Bwin,CD Motagua,CD Vida,1.36,4.2,7.0,Honduras
Futbol,Bwin,CA Tigre,CA Patronato,1.75,3.25,5.25,Argentina
Futbol,Bwin,Newells Old Boys,Olimpo,2.0,3.0,4.5,Argentina
Futbol,Bwin,CA Independiente,Lanus,1.75,3.25,5.5,Argentina
Futbol,Bwin,Colon Santa Fe,Estudiantes,2.4,3.0,3.2,Argentina
Futbol,Bwin,San Lorenzo,Arsenal,1.75,3.4,5.0,Argentina
Futbol,Bwin,CA Talleres,Velez Sarsfield,1.95,3.1,4.33,Argentina
Futbol,Bwin,Banfield,Racing de Ferrol,2.0,3.1,4.2,Argentina
